/*
Navicat MySQL Data Transfer

Source Server         : localhost_3306
Source Server Version : 50627
Source Host           : localhost:3306
Source Database       : onlineq

Target Server Type    : MYSQL
Target Server Version : 50627
File Encoding         : 65001

Date: 2018-09-23 01:05:51
*/

SET FOREIGN_KEY_CHECKS=0;

-- ----------------------------
-- Table structure for comment
-- ----------------------------
DROP TABLE IF EXISTS `comment`;
CREATE TABLE `comment` (
  `id` int(10) unsigned NOT NULL AUTO_INCREMENT,
  `content` text,
  `user_id` int(11) DEFAULT NULL,
  `entity_id` int(11) DEFAULT NULL,
  `entity_type` int(11) DEFAULT NULL,
  `created_date` datetime DEFAULT NULL,
  `status` int(11) DEFAULT NULL,
  PRIMARY KEY (`id`),
  KEY `entity_index` (`entity_id`,`entity_type`)
) ENGINE=InnoDB AUTO_INCREMENT=29 DEFAULT CHARSET=utf8;

-- ----------------------------
-- Records of comment
-- ----------------------------
INSERT INTO `comment` VALUES ('1', '&quot;hahah&quot;', '0', '19', '100', '2018-09-09 07:42:51', '0');
INSERT INTO `comment` VALUES ('9', '我发一条评论试试', '20', '19', '100', '2018-09-09 08:51:50', '0');
INSERT INTO `comment` VALUES ('10', '***你好', '20', '19', '100', '2018-09-09 09:17:07', '0');
INSERT INTO `comment` VALUES ('11', '再加一条评论试试', '20', '19', '100', '2018-09-09 09:35:29', '0');
INSERT INTO `comment` VALUES ('12', '我不知到啊，我能怎么办？？？', '21', '11', '100', '2018-09-10 09:26:58', '0');
INSERT INTO `comment` VALUES ('13', '我是小军，我来凑热闹了啊拉拉拉拉啊了***，***，我都喜欢。。。', '23', '11', '100', '2018-09-10 09:30:49', '0');
INSERT INTO `comment` VALUES ('14', '      这人不太好评价,传奇一般的存在,也就只能出现在小说里了\r\n大女主,有光环的人做任何事都对.\r\n\r\n官方给的人设是善良义气又嫉恶如仇的黑莲花.但是她之所以讨喜,\r\n或者之所以这类三观影响了一\r\n批人,原因在于她的幸存辱骂皇上,逼问太妃致死,\r\n诓骗贵妃......她任何一步黑莲花举动放到真正的\r\n大清或者甚至现在这个时代,\r\n是不可能走下去的在大清,皇上甚至会因为这个宫女总被诬陷,认为此\r\n人不详,\r\n搅动后宫而直接处理掉如果照着真实情况演,璎珞活不过5集,也就做不成女主了\r\n大概舆论\r\n对这种黑莲花人设也就会换一种解释了魏璎珞作为宫女,\r\n在深宫中太过冒险,心思极细,步步为营,\r\n即使每次都证明自己是被奸人冤枉,\r\n但她忘了在后宫中,毕竟是个女人,围着她生事太多会有不详\r\n之嫌祸水一词\r\n大概也就是这个意思吧不一定是她自己要怎样,但是只要她出现周围就风波不断,\r\n\r\n此为不详者,必定留不得这个道理在大清成立。\r\n       在现实中也适用再者,\r\n就算外界给了这个黑莲花以\r\n生存的空间,也很难保证她能掌握好善恶尺度.\r\n剧里面的魏璎珞每一步都是为了复仇即使她讨好\r\n皇上也是为了当初口中所的靠山;,\r\n为了给皇后报仇她为了向自己的目标前进一步,\r\n能连环设计整个后宫,\r\n能布3个月的局万幸她是为了正义,为了复仇.这种心思如果向私心动了一\r\n点点,\r\n下场会有多可怕?剧里表现的是,她一点自己的私心都没有但是现实生活里面,\r\n有这样的人\r\n吗?职场里面,谁不是为了自己的发展?谁不是利益的寻求者?\r\n个人拙见,魏璎珞这类人只适合平\r\n时绝对心善的包子效仿,她教会心善软弱的要懂得以牙还牙。\r\n然而对于自己本来就揣了一肚子\r\n小心思,甚至小嫉妒的仙女,还是算了吧.....\r\n撇去善良二字,魏璎珞会有多讨厌,简直不能想象剧里\r\n的人物看看就好\r\n\r\n      补充: 本人并不讨厌她,这女主本人大家看着都喜欢,不管是宫斗剧还是生活里面看着都很\r\n痛快\r\n只是澄清这个女主角人设的不可复制性:幸运的幸存和永不改变的三观,\r\n魏璎珞之所以这么\r\n幸运也从不做恶,就是因为她的每一步算计,不多也不少,\r\n在为自己报仇的时候能保证不连带着\r\n坑害到任何一个无辜的人,精准至极.\r\n更重要的, 她能活下来是因为有编剧在,有女主光环在,我\r\n前面说她活不过5集,\r\n貌似都说多了......一步步走到现在,靠的真的是作者给的好命...\r\n可惜的是,\r\n在剧里面可以把这个人三观设计得笔直,绝不误会任何一个人,\r\n作者可以把女主的人生设计得\r\n步步为营,惩恶扬善,路路回转,\r\n但这终究是在剧里在生活里没有几个人这么幸运,没有那么的善\r\n良, \r\n没有那个绝不会误会任何一个好人的慧眼,也没有那么知轻重,懂得报仇以后适时收手,\r\n不\r\n连带伤害到任何一个无辜的人也没有几个人会这么好命之所以极力澄清这个女主的不可复\r\n制性,\r\n就是希望小姑娘们不要看剧看得开心,一猛子扎下去开始训练自己做有心计的愤青首先\r\n怕是混不下去其次,\r\n走偏一点就会毁了自己最最想补充的是什么呢我看到54集就想等更完,没\r\n看了\r\n印象中魏璎珞先是给姐姐报仇,然后给皇后先是接近傅恒, 慢慢产生了感情\r\n后来接近皇上\r\n,也成为了令妃,也算是人生赢家卫龙 CP\r\n看着也是甜得很但是真的始终觉得有些可惜,替她累\r\n即使在自己的丈夫面前,\r\n每一个小小的举动,背后都是欲擒故纵的功于心计没有一步不是算好\r\n的......\r\n引得皇上喜欢,我们看着甜到腻但是魏璎珞,究竟有没有真的开心?\r\n九曲心肠步步如履薄\r\n冰,可曾有放松下来,真正享受爱的自由?\r\n所以如果评价魏璎珞的人生,感觉她像是正义的捍卫\r\n者却难说她是真的快乐。', '21', '20', '100', '2018-09-10 10:00:29', '0');
INSERT INTO `comment` VALUES ('15', '我想说&hellip;如果不是女主光环 她早被赐死千万次了吧&hellip;还有我觉得她并不好看&hellip;刚开始知道她是女主 就完全没有了想看下去的欲望。。。', '23', '20', '100', '2018-09-10 10:01:48', '0');
INSERT INTO `comment` VALUES ('16', '前排吃瓜，有请大佬回答。', '21', '4', '100', '2018-09-10 23:51:05', '0');
INSERT INTO `comment` VALUES ('17', '这就尴尬了，有谁说一下自己的经历码?哈哈哈', '21', '3', '100', '2018-09-10 23:54:12', '0');
INSERT INTO `comment` VALUES ('18', '有请伍文君同学给我回答一下。。。。', '21', '11', '100', '2018-09-10 23:57:12', '0');
INSERT INTO `comment` VALUES ('19', '谷歌一下就知道啦', '23', '12', '100', '2018-09-11 08:50:31', '0');
INSERT INTO `comment` VALUES ('20', '在语言首选项里设置一下就好了', '23', '12', '100', '2018-09-11 09:42:07', '0');
INSERT INTO `comment` VALUES ('21', '有请楼下详解，吃瓜观众来啦', '23', '3', '100', '2018-09-11 09:45:30', '0');
INSERT INTO `comment` VALUES ('22', '我再来评论一下。', '21', '4', '100', '2018-09-16 13:04:24', '0');
INSERT INTO `comment` VALUES ('23', '我又来了', '23', '12', '100', '2018-09-18 12:39:55', '0');
INSERT INTO `comment` VALUES ('24', '<p>普通人：</p><p>我今天要买一斤苹果。</p><p><br/></p><p><br/></p><p>程序员：</p><p>我今天要买一斤苹果。</p><p>因为我只喜欢红富士苹果，所以我只买红富士苹果。</p><p>我能接受的最高价格是10元/斤。</p><p>正常情况下一斤苹果用一个袋子能装下，但是为防万一，我会带两个袋子。</p><p>我知道附近的3家水果店，所以我会依次访问这3家水果店。</p><p>根据上述条件，我设计出以下的买苹果的流程：</p><div class=\"highlight\"><pre><code class=\"language-text\"><span/>买苹果流程开始\n    对水果店0、水果店1、水果店2依次执行：\n    拜访一家水果店流程开始\n        走到此水果店\n        如果此水果店没有开门，则结束当前的“拜访一家水果店流程”\n        如果此水果店没有苹果，则结束当前的“拜访一家水果店流程”\n        如果此水果店的苹果当中没有红富士苹果，则结束当前的“拜访一家水果店流程”\n        如果此水果店的红富士苹果剩余不到一斤，则结束当前的“拜访一家水果店流程”\n        如果此水果店的红富士苹果的价格高于10元/斤，则执行3次：\n        讲价流程开始\n            询问店主是否愿意将价格降到10元/斤或更低\n            如果店主愿意，则跳过剩余的“讲价流程”\n        讲价流程结束\n        如果此水果店的红富士苹果的价格仍然高于10元/斤，则结束当前的“拜访一家水果店流程”\n        打开一个袋子，将其作为当前的袋子\n        重复执行以下流程，直到总重量大于一斤：\n        装袋一个苹果流程开始\n            从所有的不在袋子中的红富士苹果中选出最好的一个\n            如果此苹果能装入当前的袋子，则将此苹果装入当前的袋子，否则执行：\n            换袋子流程开始\n                如果我有剩余的袋子，则从中任意选出一个并作为当前的袋子，否则执行：\n                向店主要袋子流程开始\n                    向店主索要一个袋子\n                    如果店主拒绝给我袋子，则将我的所有袋子里的所有苹果取出，然后结束当前的“拜访一家水果店流程”\n                    将店主给我的袋子作为当前的袋子\n                向店主要袋子流程结束\n            换袋子流程结束\n            测量我的所有袋子里的所有苹果的总重量\n        装袋一个苹果流程结束\n        根据我的所有袋子里的所有苹果的总重量和店主给出的价格，计算我应付的价格\n        向店主询问我应付的价格\n        如果我不接受店主索要的价格，则执行3次：\n        校对流程开始\n            向店主解释我计算出的价格，并询问其是否同意\n            如果店主同意，则跳过剩余的“校对流程”\n        校对流程结束\n        如果我仍然不接受店主索要的价格，则将我的所有袋子里的所有苹果取出，然后结束当前的“拜访一家水果店流程”\n        如果我没带钱，则将我的所有袋子里的所有苹果取出，然后结束当前的“拜访一家水果店流程”\n        付钱拿走苹果\n        跳过剩余的“拜访一家水果店流程”\n    拜访一家水果店流程结束\n买苹果流程结束\n</code></pre></div><p>这个流程怎么样？我来设计一些测试样例，测试一下这个流程。</p><p>测试发现一个问题：如果水果店0和水果店1都有红富士苹果并且价格都低于10元/斤，而且水果店1的价格比水果店0更低，那么我希望买水果店1的苹果，但我设计的流程会让我买水果店0的苹果。</p><p>为了解决这个问题，我应该先询问所有水果店的价格，然后去价格最低的那一家买苹果。</p><p>经过修改，我重新设计出以下的买苹果的流程：</p><div class=\"highlight\"><pre><code class=\"language-text\"><span/>买苹果流程开始\n    对水果店0、水果店1、水果店2依次执行：\n    询问一家水果店的红富士价格流程开始\n        走到此水果店\n        如果此水果店没有开门，则视此水果店的红富士价格为无穷大元/斤，并结束当前的“询问一家水果店的红富士价格流程”\n        如果此水果店没有苹果，则视此水果店的红富士价格为无穷大元/斤，并结束当前的“询问一家水果店的红富士价格流程”\n        如果此水果店的苹果当中没有红富士苹果，则视此水果店的红富士价格为无穷大元/斤，并结束当前的“询问一家水果店的红富士价格流程”\n        如果此水果店的红富士苹果剩余不到一斤，则视此水果店的红富士价格为无穷大元/斤，并结束当前的“询问一家水果店的红富士价格流程”\n        向店主询问此水果店的红富士苹果价格并记录\n    询问一家水果店的红富士价格流程结束\n    从3家水果店中选出红富士价格最低的一家（如果有并列则随机选择），将其作为目标水果店\n    如果目标水果店的红富士苹果价格为无穷大元/斤，则结束当前的“买苹果流程”\n    走到目标水果店\n    如果此水果店的红富士苹果的价格高于10元/斤，则执行3次：\n    讲价流程开始\n        询问店主是否愿意将价格降到10元/斤或更低\n        如果店主愿意，则跳过剩余的“讲价流程”\n    讲价流程结束\n    如果此水果店的红富士苹果的价格仍然高于10元/斤，则结束当前的“买苹果流程”\n    打开一个袋子，将其作为当前的袋子\n    重复执行以下流程，直到总重量大于一斤：\n    装袋一个苹果流程开始\n        从所有的不在袋子中的红富士苹果中选出最好的一个\n        如果此苹果能装入当前的袋子，则将此苹果装入当前的袋子，否则执行：\n        换袋子流程开始\n            如果我有剩余的袋子，则从中任意选出一个并作为当前的袋子，否则执行：\n            向店主要袋子流程开始\n                向店主索要一个袋子\n                如果店主拒绝给我袋子，则将我的所有袋子里的所有苹果取出，然后结束当前的“买苹果流程”\n                将店主给我的袋子作为当前的袋子\n            向店主要袋子流程结束\n        换袋子流程结束\n        测量我的所有袋子里的所有苹果的总重量\n    装袋一个苹果流程结束\n    根据我的所有袋子里的所有苹果的总重量和店主给出的价格，计算我应付的价格\n    向店主询问我应付的价格\n    如果我不接受店主索要的价格，则执行3次：\n    校对流程开始\n        向店主解释我计算出的价格，并询问其是否同意\n        如果店主同意，则跳过剩余的“校对流程”\n    校对流程结束\n    如果我仍然不接受店主索要的价格，则将我的所有袋子里的所有苹果取出，然后结束当前的“买苹果流程”\n    如果我没带钱，则将我的所有袋子里的所有苹果取出，然后结束当前的“买苹果流程”\n    付钱拿走苹果\n买苹果流程结束\n</code></pre></div><p>现在这个流程是不是完美了呢？不是，我还能发现很多问题。<br/>如果3家水果店都有红富士苹果但都不到一斤，但是三家店加起来能达到一斤，那么我不应该结束流程回家，而是应该把三家店的红富士苹果都买下来。<br/>如果我向水果店询问价格的时候这家店还有红富士苹果，但我询问完所有水果店的价格后这家店的红富士苹果卖完了，那么我的流程会让我试图处理不存在的红富士苹果。<br/>我走路的过程中可能会遇到突发事件，比如发现了新的水果店，比如袋子破掉了苹果掉一地，对于这些情况我的流程都无法进行处理。</p><p>啊问题太多了我懒得再改流程了。我还是去X宝买吧。<br/>那么接下来我要设计一个在X宝买红富士苹果的流程……</p><p>==========================================================</p><p>这篇沉寂了5天只得到1个赞的回答竟然一夜之间收获2000+赞，一举成为个人最多赞的回答。感谢大家的支持，以及精彩的评论。</p><p>这篇回答并不是讲述在生活中程序员如何买苹果，而是以买苹果为例说明程序员如何解决问题。程序员需要对问题进行透彻的分析，理清其涉及的所有细节，预测可能发生的所有意外与非意外的情况，列出解决方案的所有步骤，以及对解决方案进行尽量全面的测试。</p><p>而这些正是我认为编程难的地方。任何一点遗漏都会成为bug，轻则导致挨骂，重则导致经济损失甚至危害安全。</p><p>注意这些难点全部和语言无关。和编程所需要的绝对严密的逻辑相比，语言实在是太简单了。（某些自带代码混淆效果的语言除外）</p><p>==========================================================</p><p>我勒个去4000+赞了！妈妈！我火了！</p><p>好多评论说这代码像python。然而我根本不会讲python。</p><p>==========================================================</p><p>本回答可以随意转载，只需附带原文链接即可。</p>', '26', '67', '100', '2018-09-23 00:24:48', null);
INSERT INTO `comment` VALUES ('25', '谨以这文字，给我的老友，给我们的友谊。<br/><br/>死者张斌是我最好的朋友，我们从小学一年级开始一个学校，一直经过初中，高中和大学，毕业后，我在北京，他在南方。<br/><br/>他是个善良而内向的人，永远在微笑，母亲和姐姐都是教师，他从小学习就很好，我记得最深的，是大学考英语，前面的听力他一定睡着，不是装酷，是因为我们那个年纪的河南考生，听力都差，基本跟不上，一听就困。每次考试前他都叮嘱我一定要在听力完叫他，要不就睡过了。即便如此，他好像也拿了4年的奖学金。<br/><br/>大学过程中他没有恋爱，看了很多书，我们是计算机专业，他自学过群论，也练过吉他，但是弹的不好。<br/><br/>他人缘很好，同性异性都是，借过很多自己的饭钱给别人，从不说狠话，随意自在，我浑身戾气，每天操爹骂娘，愤愤不平，我们在一起基本都是我在胡说八道，无论我多扯，他一直都支持。<br/><br/>4年前他最后一次来北京，来考第几个学位，那时还没结婚，我们聊到很晚，4年来各自奔波劳苦，那一次竟成永别。<br/><br/>明日更新，无论如何，我要证明这是一个活生生的人，在这世上存在过。<br/><br/>今日更新。<br/><br/>他不抽烟不喝酒，在酒桌上稍微喝一些就满脸通红，笑的更开，什么都值得高兴一下，我点一根烟，递给他，来，嘬一口，他学着发哥的样子紧皱眉头，用力一吸，呛的大声咳嗽，赶紧递给我，双手乱摇，来不了来不了。<br/><br/>五年前，我做一个项目，公司人手不够，外包给其他团队，结果控制不力，交出的东西根本不能看，但是客户已经到了上线日期，无奈我做了个决定，用各种理由又要了一周时间，自己一个人在楼上写了一周，前3天每天工作18个小时，后3天实在没有时间，3天未睡，连续工作了70个小时，最后一天已经没有记忆了，当时的感觉是上一秒还在电脑前写，下一秒忽然间就出现在卫生间里，瞪大眼睛看着镜子，满脸凉水。最后一天竟然完成了，我去给客户讲的时候，浑身颤抖，不是激动的，是不由自主，和客户说的什么根本不能思考了，就是一种本能的及时反应。结果很好，顺利交工，我爱人陪我上的出租车，她告诉我，我是摔在后座上的，1秒内睡着了。我后来常想，如果我再熬上几个小时，可能就不在了。<br/><br/>这么个项目多少钱呢，不到十万，各种开销算去，利润一万。我后来跟别人讲这个故事，大家都说，你为了一万块，就敢这么整，这是一种什么人啊。<br/><br/>放在今天，我仍然会这么做，不是钱的问题，是因为，我答应了别人要在那天给个交代。<br/><br/>这就是张斌为什么会倒下的原因，不是因为钱，也不是别的什么，仅仅是当时自己同意了要在一个日期给个交待。<br/><br/>我不知道为什么我们接受了这样的教育和理念，作为同样来自小县城的人，不甘于平凡却很难改变现状，机会是那么的宝贵，尝试中却发现人到中年，自己一大摞的梦想还未实现，能怎么办呢，拼了吧。<br/><br/>这就像一场战斗，你手持柴刀在前面披荆斩棘，一路狂奔，后面是死神紧追不舍，跑的快就能奔到终点，跑的慢就被他一刀腰斩在路上，装进裹尸袋，擦干血迹，就像你从来没有存在过。<br/><br/>我和他姐通电话时，最先问的是张斌的父母，无法想象那样一对老人，要如何度过这一次，姐姐说这几天事情多，人多，还能分散些注意力，过几天人都走了就不知道什么情况了。<br/><br/>是啊，会是一个什么情况呢，我们总要尝尽一切苦难，但是为什么要有些人要尝得更多呢。<br/>这世界最残忍的地方，不是无情，而是根本没有感情，他就这样冷漠的看你出生，看你欢笑，看你痛苦，看你变成一把灰。<br/><br/>在未来的几年，我妈仍会和我聊起张斌，仍然会问，张斌很久不见了吧，还在广州吗，孩子会跑了吧，我仍然会回答，是啊，都很好，还是都很好。只不过真正的张斌已经去了，只存在我的电话簿里，我的微信好友里。<br/><br/>我嘲笑一切虚无缥缈的东西，但是这一次，我无比希望还有另外一个世界在，只有这样，世界才是公平的。<br/><br/>恍惚中，我好像回到了初中的一个暑假午后，阳光明媚，他停好自行车，走进我家对我妈说，姨，云杰在家吗，我来找他玩。<br/><br/>去吧！我最好的朋友，带着你的希望和微笑，连着我的不平和唏嘘，丢下背上的包袱，慢慢走，慢慢走，相信我们会在一个充满阳光的地方相见。', '22', '68', '100', '2018-09-23 00:29:41', null);
INSERT INTO `comment` VALUES ('26', '<p>更新了一下，稍微完善了一点。</p><br/><p>大体没改。</p><br/><p>很多人问结衣是新垣结衣还是波多老师，这个问题很深刻。</p><br/><p>答案是，你心里是什么，她就是什么。</p><br/><p>么么你们个哒。</p><p>*************************************************************************************************************</p><p>终有一天我手中的编译器将成为我灵魂的一部分，这世界在我的眼中将被代码重构，我将看到山川无尽银河生灵都汇成二进制的数字河流，过往英雄都在我脑海眼前一一浮现，而我听到无数码农跪倒在我的程序面前呼喊。<br/><br/>	他们叫我代码之神。<br/><br/>	到那个时候，我想我一定可以找回你。<br/><br/>一<br/>	这是一个属于代码的修真世界。<br/><br/>	这世界里的每一个人，每一个东西，包括高山大海，刀剑风云，其本质都是一串数字流。<br/><br/>	打个比方，如果你知道一块石头的内部数据结构，并且参透其中玄妙，你就能用程序和接口改变它的一切。如果能你参透自己自身这一个复杂的操作系统，就能重新编码自己，获得更大的能力。<br/><br/>	所以你的程序水平的高低，决定了你的牛逼程度。<br/><br/>	我们这些修真者，都叫程序员。<br/><br/>	有人的地方，就有江湖。有江湖的地方，就有代码。<br/><br/>	刚入门的时候，师傅跟我说，我们程序员修的，是一份境界。短短几句的代码里，要有最完美的逻辑，跟最精妙的算法。这本《算法导论》，你暂且拿去研修。<br/><br/>	我们程序员，外修语言，内修算法。以数据为根，算天算地算自己。<br/><br/>	听起来真的好酷。<br/><br/>	但这个江湖，并不平静。几大门派，上有微软谷歌，下至百度阿里，每个门派风格迥异，明面上不曾和气，暗地里更有无数摩擦。<br/><br/>	师傅说，我们知乎派，理论见长。尤其精通健身、阅读、旅行泡妞，指点人生。</p><br/><p>我说师傅你是不是跑题了。</p><br/><p>师父说我们这里三大软狗、哦不，三大软神坐镇，还有无数默默搬砖的程序员，如今也算在乱世立稳了脚跟。<br/><br/>	师傅还说，江湖虽乱，但我们修真之人，说到底还是要修自身，恩恩怨怨都是过眼云烟，自身境界才是万源之本。<br/><br/>	我点了点头。<br/><br/>	师傅又拍了拍我的小脑瓜，慈祥一笑。他说，如果下次天涯派那群人还过来闹事，我们一定要秉承我们的自身理念来处理他们。<br/><br/>	我知道了，我回师傅道，我跟刘看山一定会好言相劝，么么他们个哒哒。<br/><br/>	不。师傅转身过来，鹰眼之中精光毕露，胡须颤动的嘴唇之中，一个字一个字地吐出来。<br/><br/>	灰飞烟灭，一个不留。<br/><br/>二<br/>	自我开始修真起，我练的便是C++的功夫。<br/><br/>	虽然大师兄跟我说过，不管你学的是什么语言，都是殊途同归。我们修真之人，都不要在乎这些差别，要参透的是程序的本质。<br/><br/>	然后他又说，不过，用Java的都是傻逼。<br/><br/>	大师兄跟我一样，C++的功底深厚，面向对象的各种技能用的精通，只是可惜，他还没有对象。<br/><br/>	我永远忘不了那一天下午，我们知乎派的山门被一众凶恶之徒所踏破，山石飞舞，浮尘弥漫，门派服务器都暂停运行。<br/><br/>	大师兄坐在大殿房顶之上，喝一壶陈年的竹叶青。姿势潇洒，闷骚至极。<br/><br/>	是他们。谁都知道，天涯派不止一次来闹事。<br/><br/>	我从来没见过大师兄出过手。<br/><br/>	天涯派的来人，在烟尘之中现出数个魁梧身影，还夹带了一声大笑和开场白：<br/><br/>	哈哈哈哈哈哈哈，知乎派，hello world！<br/><br/>	大师兄的眼皮都没有眨一下。<br/><br/>	他的手臂之上字符串环流浮现，左手抬起酒壶一饮而尽，右手对着虚空就是一指，那一串字符都消散在空气之中，诡变出无数神秘莫测的代码。<br/><br/>	刹那间风云突变，一阵狂风似有形一般，沿着大师兄所指方向似一条狂龙横冲了过去，一个照面便将几个大汉吹得撞出山门之外，摔了个七荤八素。<br/><br/>	那一霎我屏住呼吸。</p><br/><p>因为他侧面看过去的忧郁眼神真的很像梁朝伟。<br/><br/>	大师兄整了整风中凌乱的发型，说，这就叫快速排序，将风压重新编码，所到之处，寸草不生。你们都还在解码自己，我已经开始操纵世界——天涯跟知乎，就是在这里的差距，懂？<br/><br/>	都他妈的给老子滚。<br/><br/>	从那一刻开始，我才知道，有些人已经可以编码这个世界本身。<br/><br/>	这才是叫修真。<br/><br/>三<br/>	在知乎里修行了十年，师傅说我可以下山了。<br/><br/>	我已经熟知C++的基本技能，但师傅告诫我千万不要说自己精通C++。他说，这个世界上，没有人可以说，他已经精通C++，所以即算你装逼的时候，也要装得像个样子。比如，你可以说你精通java。<br/><br/>	我点头称是。<br/><br/>	这十年来，我每日苦读《算法导论》和《C++ primer》，精通数据库原理跟操作系统，同龄人之中无人是我敌手，自认为天下哪里都可去得。<br/><br/>	是为年轻气盛，是为势不可挡。<br/><br/>	我下山之后，连连在江湖之中，将一些有一点点小名气的程序员斩于马下。<br/><br/>	他们之中，有些是根基不稳，有些是反应迟钝，有些是冥顽不灵，有些是莽撞愚蠢。<br/><br/>	当然，我现在说起来是云淡风轻，那是因为我在装逼。其实也经过了一番苦战，有过一些辛酸。终于有一天，我将天下程序员排行榜第一千零二十四位的马特给击败，成功登上天下程序员战力排行榜。<br/><br/>	马特这个程序员，有一些狡猾。他占据第一千零二十四位，已经很久没有变过。他精通计算机视觉，经常使用一些幻境击败对手。他比排在他上面的几位更加难缠，所以通常没有人会去挑战他。</p><br/><p>但可惜他遇到了我。</p><br/><p>我未必比马特更精通计算机视觉，但我选择以幻境制他幻境。</p><br/><p>不是我盲目自信。</p><br/><p>寻常高手与人交手，例如马特，会编译代码产生无数生猛幻境，比如让你看到周围都是毒蛇猛兽，比如让你感觉被无数刀光剑影包围，在你虚实不分的时候他只需轻给你一刀就可以结束战斗。</p><br/><p>而我只用幻境产生了一个女人。</p><br/><p>一个刻在马特的内置存储器里无数年的女人。这女人穿着印花的裙子，走过去转一圈，笑眯眯地对他说，今天阳光正好，你要喝一杯吗？</p><br/><p>他败得一塌糊涂。</p><br/><p>以至于我都把他鼻梁打塌了，他还流着鼻血，蠢蠢的望着前面的空气说，你终于回来了？</p><br/><p>差点让江湖上的人以为我与马特有什么陈年往事。<br/><br/>	不管怎么样，我还是击败了马特，这也成为一个不大不小的消息，在江湖里传播。</p><br/><p>从此我有了一个外号，他们叫我杀马特。</p><p><br/>四</p><p>俗话说树大招风，人不能太出名。<br/><br/>	有一天我走进一个江南小镇上的无名酒馆，想喝点酒。我下山的时候十八岁，如今正好一年。十八岁之前，我都没有喝过酒，因为师父说未成年人不许喝酒。</p><br/><p>但今天我决定做一回成年人可以做的事。</p><br/><p>挑了一个无名酒馆的原因是因为，我毕竟没有喝过酒，天知道我能不能喝，要是喝出了点事，这里也并没有人会认识我。</p><br/><p>可没想到还没喝酒就出事了。</p><br/><p>酒馆的柜台后面，一个风情万种的女人转了过来。见到她那一个霎那我脑袋里面闪过很多东西，比如下山的第一个晚上睡在原野上看到的漫天星星，比如生平我编过最精妙的让我拍了三天大腿的算法，像在黑夜里行走了很久的旅人看到的光亮，迷途密林里升起的炊烟，像我在山上见过烤熟一般熔金的落日，像一瞬的昙花，像永恒的碑拓。总之是一些美丽的东西，美丽的东西各有各的共通之处。</p><br/><p>我有点慌了。</p><br/><p>她问我，客官，你要喝点什么嘛？</p><br/><p>我说，三两竹叶青。</p><br/><p>正当我迷迷糊糊地在喝酒的时候，酒馆里来了一群程序员。<br/><br/>	这群人，个个怪异，着红色冲锋衣，背黑色双肩包。但放眼一看便知道水平很高。<br/><br/>	来者不善。<br/><br/>	他们走到我桌前，将我围了起来。为首的一人说，他们是做安全的。<br/><br/>	我心中陡然一惊。因为我看到了他们衣服里藏着的，三百六十度的环形刀刃。<br/><br/>	一百年前，有一个叫奇虎的门派。他们每个人，都有一把神秘的三百六十度的环形刀刃，所以也叫奇虎三六零。他们声称他们的存在，是为了防止世界被破坏，为了保护世界的和平，是为了贯彻爱与真实的勇敢，他们是穿梭在江湖中的三六零。但他们却并不招江湖之中所谓正派的待见，于是一百年前的那场降魔大战，BAT三家联手将其斩灭。</p><p><br/>	当然，我们知乎派，也在之中出了不少的力量。近些年听闻他们为复仇而起，专门挑一些过往仇家的新秀下手，没想到这次竟然是我。<br/><br/>我心中有了个大概，只是皱眉喝酒，问他们所为何事。<br/><br/>	那为首一人，拿过我的酒壶，仰头一灌。最后一滴酒在壶中滴落之时，无数环形刀刃在我身边出现，他的手中也倏地出现一把，朝我迎面砍来。<br/><br/>	竟是偷袭。</p><br/><p>真是不按剧本出牌，哪有这么玩的？素未平生，一见面三句话没说完就要动手？</p><br/><p>我脑海浮起师父送别我下山时候对我说的一句意味深长的话。</p><br/><p>他说人在江湖飘，哪有不挨刀。<br/><br/>	面前刀刃之上闪过的代码我毕生未见，锋利无比，威力惊人。<br/><br/>	我虽鼓动全身能量，将毕生所学顷刻编码，瞬间编译，但也感觉凶多吉少。<br/><br/>	这电光火石一瞬间，只听得铛地一声，数把环形刀刃通通弹落一边，那些黑衣怪人通通倒地。<br/><br/>	我靠，我有这么强？<br/><br/>	只听得酒馆二楼悠悠传来一个女声。要打去别的地方打吧，进来酒钱都没付，还要打我的客人，这是何理？<br/><br/>	原来是酒馆的女老板。<br/><br/>	她从二楼飘飘而落，将我身边灰尘一扫而空，笑如弯月，朱唇轻启。哎呀，吓到小哥你了，真是对不起。<br/><br/>	我以前听大师兄说，对于程序员，只有两种东西是天敌。一种是御姐，一种是萝莉。我说我不信。<br/><br/>	我现在信了。<br/><br/>四<br/>	女老板说，可以叫她结衣。<br/><br/>	她问我叫什么，我嘟哝了半天，我说我叫杀马特。<br/><br/>	结衣说哈哈哈哈哈哈哈你真可爱我还非主流呢。<br/><br/>	我说结衣，你怎么会这么强。<br/><br/>	她说你不懂，我一个弱女子，不懂点编程之术，在这江湖里怎么开酒馆嘛。<br/><br/>	我说结衣，你怎么这么好看。<br/><br/>	结衣不说话了。<br/><br/>	结衣说，你这个小流氓。<br/><br/>	我说结衣，我大师兄跟我说，我们程序员只有两种天敌，一叫御姐，二是萝莉，你是哪一种？<br/><br/>	结衣说，我都不是。<br/><br/>	我说，哦。其实我心里想着的，是你都是。<br/><br/>	结衣，你跟我一起闯荡江湖去好不好？<br/><br/>	不好，你还没我强。<br/><br/>	哦。那等我比你强了，我们一起去闯荡江湖好不好？<br/><br/>	结衣笑了一下说，不好。<br/><br/>	于是我就住在了酒馆里。<br/><br/>	因为我可能，爱上了这个女人。<br/><br/>	我杀马特曾经以为，我这一辈子就只能爱上一个女人。后来我才知道，这世间有万千行代码，万物都可编译，但你编译不了的，是自己的心。<br/><br/>	结衣是一个看上去很好强，八面玲珑的女人。她的编程水平，比那些排行榜上五百位之后的怂蛋，比如我，不知道高到哪里去了，但是她却在这里经营一个小酒馆。<br/><br/>	我曾经问过为什么，但是结衣不说。<br/><br/>	她只说她在等人。<br/><br/>	我想问她是不是在等她的意中人，但是又不好意思开口。我怕是的，那我可能要伤心。师傅说修真的程序员，不能伤心。伤心的程序员，写不出好的代码。<br/><br/>	所以我也只能等。<br/><br/>	结衣真正笑起来的时候很好看，就像冬天里的火腿三明治，夏天里的咖啡味雪糕，总之又温暖又清新，跟她招待客人的时候的笑完全不一样。</p><br/><p>可惜的是我没见过结衣真正笑几次。</p><br/><p>每一天傍晚的时候，酒馆客人逐渐会变少。结衣会坐在酒馆的楼顶，望着天空变换来变换去的火烧云。姹紫嫣红，波橘云诡，翻江倒海，最后归于平静的火烧云。有一天我坐在结衣旁边，她在看云，我在看她。</p><br/><p>我问结衣说，你为什么每天都在这里看云？</p><br/><p>结衣转过来对我说，那你猜猜看咯。</p><br/><p>我说你可能觉得看云时很远，看我时很近？</p><br/><p>结衣嫣然一笑。</p><br/><p>她说不，我只是在做云计算。</p><br/><p>虽然我不太懂云计算，但我只知道那一霎在屋顶笑起来结衣比天边的火烧云还好看千倍。</p><br/><p>不，一千倍太少，大概是65535倍吧。</p><br/><p>有时候我也会觉得结衣很有少女心。</p><br/><p>每一天的酒馆打烊之后，结衣会坐在酒馆一楼，摆一摆桌椅酒壶，有时候还会把许多酒坛叠起来，或者编程让它们组合出不同的样子。有时候是一个男人，有时候是一个女人，有时候是一家三口。</p><br/><p>此时的结衣十分具有艺术气质。专注、一丝不苟，像我小时候玩积木的时候。</p><br/><p>不同的是，我看得出来她眼睛里寂灭的悲伤。</p><br/><p>我不喜欢悲伤，更不喜欢结衣悲伤。于是有一天这个时候我走上去说一句，嘿，结衣，玩积木啊？</p><p>结衣头都没转过来。</p><br/><p>她说，不，我只是在建物联网。</p><br/><p>我虽然也不太懂物联网，但我知道我懂她眼睛里面像深海里的灯塔一样，屹立不倒、隐隐闪烁、无处可藏的悲伤。</p><br/><p>有些故事，可能一辈子也不能说出口。</p><br/><p>但有些人，往往看到她第一眼你就懂得。</p><br/><p>正如有些日子，也会不期而至。</p><br/><p>那天酒馆外面都是黑漆漆的云，像有大雨将至。空气沉闷，也没有客人。远处的原野河流，都融进漆黑一片的视线之中，白昼如同黑夜。</p><p><br/>	结衣一脸严肃。<br/><br/>	我说结衣，咱们把门关上避一避。<br/><br/>	结衣一言不发，站在门口，看向远方。<br/><br/>	过了一阵，远处黑云之中，竟然出现一个人影。霎时间，雷光闪动，暴雨如注。<br/><br/>	结衣看了我一眼，眼神里似有无尽话语。</p><br/><p>她转身腾空就飞了出去。朝着远处的黑云人影，鼓动着浑身能量，就这么飞了出去。<br/><br/>	我大喊一声结衣，然后也跑了出去。雨越下越大，我只能隐隐看见远处电闪雷鸣，我在混乱之中大喊结衣。<br/><br/>	他们在交战。<br/><br/>	远处代码一行行在云端飞舞盘旋，命令与字节化为巨大的力量，我没有想到结衣竟然强到这个地步。<br/><br/>	举手投足，山河变色。<br/><br/>	我想起大师兄所说的，有人还在解码自身，有人已经操纵世界。<br/><br/>	是一场恶战。<br/><br/>	我只能站在下面看，我不能御空飞行，我甚至都不知道他们交战的具体情况。<br/><br/>	我心急如焚。<br/><br/>	在一个天际的惊雷响彻之后，一道正弦函数冲击波将所有黑云弹射开来，而我只看到结衣在空中坠落的身影。<br/><br/>	拨云见日，阳光普照。<br/><br/>	在很多年之后，当我再回想起这个情形，也还是觉得，即算是临死之时的结衣，在空中的身影，也那么好看。</p><br/><p>如流星坠落，天女下凡。<br/><br/>	我抱着结衣，泣不成声。<br/><br/>	她看着我，怔怔的看着我。<br/><br/>	她说你别哭，真的，这是注定的一天。</p><br/><p>她嘴角有血，眼中有泪，但笑的很好看。<br/><br/>	她说我们家以前侵入过国家数据库系统，被朝廷发现灭门，我侥幸逃脱。但是不管我在哪里，总有一天他们肯定会找上来。</p><br/><p>她说我等这一天很久啦。有个了结也好，这样我就能见到爸爸妈妈了。</p><br/><p>她说很开心认识你。</p><br/><p>她说你是男孩子，要坚强一点。不坚强一点，你怎么成为最好的程序员。<br/><br/>	她说的最后一句话是，杀马特，你一定不要忘了我。<br/><br/>	然后她就再也没有说话了。<br/></p><br/><p>我说对不起。</p><br/><p>我说对不起。</p><p><br/>	我甚至都没有问过她说，你有心上人吗？<br/><br/>	我甚至都没有跟她说过，我是真的很喜欢你。<br/><br/>	我甚至都没有吻过她，没有牵过她的手，我们只是这样匆匆遇到，然后匆匆告别。</p><p><br/>	她的身体将化成一串数字流，失去结构，流向无尽的原野、河流跟大地，化为三月的春风、杨柳跟雨滴。<br/><br/>	有些东西，是命。</p><br/><p>她是一列注定驶向断崖的列车，而我也注定要当终生的乘客。<br/><br/>	我的整个程序员修真生涯，在这一天，被分割开来。<br/><br/>	对，我杀马特，在这一天之后，是一个一定要成为天下第一的程序员。<br/><br/>	为了结衣。<br/><br/>五<br/>	并非是单单想给结衣报仇。<br/><br/>	我们程序员的修真之路，内修自己，外修天地。<br/><br/>	当代码可以操控天地这个最为复杂的系统之时，就一定会涉及到世界的本源之处。若这个世界的代码在我眼前一览无遗，或许我可以控制时间。<br/><br/>	或许我可以从时间的bug里，找回结衣。<br/><br/>	这是我这么多年来的，唯一念想。<br/><br/>	毕竟我们程序员，生来就要逆天改命。</p><br/><p>毕竟我们程序员，都是背负至爱之名。<br/><br/>	之后的时间里，我从程序员排行榜上一路飙升，五年之后跻身前十，成为世界上最优秀的程序员之一。<br/><br/>	我树敌无数，也击败无数敌人。他们之中，甚至有自创一门语言的奇才，有号称已然精通C++的装逼犯，有对各类操作系统跟编译原理都熟悉无比的怪才，但是，不管谁，都无法阻挡我杀马特的脚步。<br/><br/>	无人可挡，生来彷徨。<br/><br/>	但，即算是到了我这样的水准，我也依旧无法知道，如何寻找这个世界里时间的bug，甚至都没有一丝头绪。<br/><br/>	每逢debug的夜晚，我都会想起结衣，明媚如歌的笑容，和她从天而落，如佛光普照般的美丽。<br/><br/>	但这又时时提醒了我，我可能真的已经离她远去了，而我无能为力。<br/><br/>	这世间我认识的高手，都无法为我解答这个问题。<br/><br/>	直到有一天，我在山间遇到一个红衣人。<br/><br/>	他是个高手，从看到他码出第一行代码的时候，我就知道，这是个绝顶高手。<br/><br/>	山野相逢，抛却了身份。我跟他把酒言欢，知无不谈，倒也痛快。<br/><br/>	直到我跟他说起关于这世界里，时间的bug。<br/><br/>	他说，这世界极有可能是在一个环形循环之中。说罢他从怀里掏出一把刀，却正是奇虎派的那把三百六十度环形刀刃。<br/><br/>	他说你看这把刀，我派毕生所愿，即是参透这世界的圆之循环，重新编码，到时候天下唾手可得。<br/><br/>	我说，我不想要什么天下，我只要一个女人。<br/><br/>	红衣人哈哈大笑，说，那你加入我们，来我奇虎参透这世界运行之时最底层的命令，参透这循环，说不定你就能重新遇到那个女人。<br/><br/>	对，我没有犹豫，我答应了。<br/><br/>	他说，他叫周红衣。<br/><br/>六<br/>	我就这么加入了奇虎三六零。<br/><br/>	彼时奇虎正在重整旗鼓，周红衣想要东山再起，他不能少了我这个助力。<br/><br/>	从此我手里多了一把，三百六十度的，环形刀刃。<br/><br/>	萧萧狼烟，江湖恩怨再起。<br/><br/>	人在江湖，真的身不由己。<br/><br/>	我一边参悟奇虎派祖传的代码跟算法，一边帮奇虎派征战天下。<br/><br/>	我是知乎派出身，根正苗红，师傅知我落入魔教之手，竟还帮所谓魔教征战江湖，掀起腥风血雨， 吐出一口老血。他们也曾劝降，但我不为所动。<br/><br/>	我心中，有我自己的编程之道。<br/><br/>	我很清楚我自己在干什么。我很清楚，男孩子，要坚强。<br/><br/>	奇虎的势力扩张得很快，但正邪势不两立，BAT三大派见天下形势如此，便要集结程序员高手部队，重新再剿灭一次奇虎三六零。<br/><br/>	他们说，一百年前能灭的，现在也能灭。<br/><br/>	而他们带队之人，正是当今天下排行第一的程序员，出身知乎、神龙见首不见尾的大师兄。<br/><br/>	大师兄，真的好久不见。<br/><br/>	说实话，虽从一开始，我便知道自己背负的是什么，但我也并未想过，有一天要跟大师兄动手。</p><p>	也许在成为男人的路上，杀死偶像，都是不可避免的一环。<br/><br/>	大师兄还是酒壶一把，桀骜不驯。他说傻小子，你现在过来，还真的来得及。<br/><br/>	我说大师兄，皇皇天下，哪有什么正邪分家。无非是你来我往，你抢我杀。咱们做程序员的都知道，手底下见真章。<br/><br/>	大师兄喝酒，哈哈大笑，他说你有长进，然后把酒壶朝天一扔。<br/><br/>Talk is cheap，show me the code。<br/><br/>七<br/>	与大师兄交战之前，我正参悟到这个世界代码的一些关键之处。<br/><br/>	如今一战，倒是针尖对麦芒。大师兄的编程能力，已然步入化境。代码不在手上，已在心中。物质都是数据，规则都是代码，一时间天地轰隆，流云沐风皆能当锋利兵器，重力气压都能做任意改变，我跟大师兄从天到地，战了个平分秋色。<br/><br/>	大师兄说，没想到你小子这么难缠。<br/><br/>	大师兄说，对不起，我必须解决掉你。</p><p>为了正义。<br/><br/>	我从没见他说过对不起，这正如他一定会放一个前所未见的大招一样可怕。<br/><br/>	大师兄操纵无数代码，打入大地之中，蓦地瞬间，我感觉脚底重力似乎加大了无数倍。<br/><br/>	好沉。<br/><br/>	好一个无限重力流。<br/><br/>	我们这边的程序员，要么被强大重力挤压变形，最舒服的也寸步不能动弹。<br/><br/>	大师兄竟然还没有结束，他接着操纵无数代码，打入遥远天空之中，竟从无垠星海之中召来巨大陨石。<br/><br/>	陨石当空，重力无限。<br/><br/>	这两者相结合，他竟凭他一人之力，要横扫整个奇虎。<br/><br/>	不愧是天下第一的旷世奇才。我承认，面对这样的攻势，我并没有什么好的办法。<br/><br/>	但我也不后悔。</p><br/><p>既然踏上这条路，我就没有打算过回头。</p><br/><p>没有什么值得后悔的，没有什么值得放弃的。<br/><br/>	陨石从我头上落下之时，生死交错的瞬间，我仿佛又看到结衣的脸，看到我过往二十多年击败过的程序员，看到马特怔怔望着前面的空气说话，看到流星和佛光，像电影一般飞驰而过的场面。<br/><br/>	我突然领悟到些什么。<br/><br/>	我在那一瞬也打出无数代码，我打出的代码，跟大师兄的，一模一样。</p><br/><p>复制代码，通常比较容易。<br/><br/>	我脚下重力瞬间又加大无数倍，其他的程序员早已不堪重负，化为一摊数据流。而那个陨石速度越来越快，擦出巨大的热浪火花，空间都变形扭曲，周围一切化为粉末，消散无形。<br/></p><br/><p>我以为那个瞬间我已经死了。</p><br/><p>而我在那一个瞬间，看到了时空的奇点。<br/><br/>	时间是一个圆。<br/><br/>	我靠近它，向死而生。<br/><br/>	前方白光一片。<br/><br/>八<br/>	我睁开眼。<br/><br/>	眼前是那个熟悉的酒馆。<br/><br/>	我推开木门，走了进去。</p><br/><p>一个风情万种的女人转过来，她问我，客官，你要喝点什么嘛？</p><br/><p>我哽咽一笑。</p><br/><p>说，三两竹叶青。</p>', '21', '69', '100', '2018-09-23 00:29:52', null);
INSERT INTO `comment` VALUES ('27', '<p>普通人：</p><p>我今天要买一斤苹果。</p><p><br/></p><p><br/></p><p>程序员：</p><p>我今天要买一斤苹果。</p><p>因为我只喜欢红富士苹果，所以我只买红富士苹果。</p><p>我能接受的最高价格是10元/斤。</p><p>正常情况下一斤苹果用一个袋子能装下，但是为防万一，我会带两个袋子。</p><p>我知道附近的3家水果店，所以我会依次访问这3家水果店。</p><p>根据上述条件，我设计出以下的买苹果的流程：</p><div class=\"highlight\"><pre><code class=\"language-text\"><span/>买苹果流程开始\n    对水果店0、水果店1、水果店2依次执行：\n    拜访一家水果店流程开始\n        走到此水果店\n        如果此水果店没有开门，则结束当前的“拜访一家水果店流程”\n        如果此水果店没有苹果，则结束当前的“拜访一家水果店流程”\n        如果此水果店的苹果当中没有红富士苹果，则结束当前的“拜访一家水果店流程”\n        如果此水果店的红富士苹果剩余不到一斤，则结束当前的“拜访一家水果店流程”\n        如果此水果店的红富士苹果的价格高于10元/斤，则执行3次：\n        讲价流程开始\n            询问店主是否愿意将价格降到10元/斤或更低\n            如果店主愿意，则跳过剩余的“讲价流程”\n        讲价流程结束\n        如果此水果店的红富士苹果的价格仍然高于10元/斤，则结束当前的“拜访一家水果店流程”\n        打开一个袋子，将其作为当前的袋子\n        重复执行以下流程，直到总重量大于一斤：\n        装袋一个苹果流程开始\n            从所有的不在袋子中的红富士苹果中选出最好的一个\n            如果此苹果能装入当前的袋子，则将此苹果装入当前的袋子，否则执行：\n            换袋子流程开始\n                如果我有剩余的袋子，则从中任意选出一个并作为当前的袋子，否则执行：\n                向店主要袋子流程开始\n                    向店主索要一个袋子\n                    如果店主拒绝给我袋子，则将我的所有袋子里的所有苹果取出，然后结束当前的“拜访一家水果店流程”\n                    将店主给我的袋子作为当前的袋子\n                向店主要袋子流程结束\n            换袋子流程结束\n            测量我的所有袋子里的所有苹果的总重量\n        装袋一个苹果流程结束\n        根据我的所有袋子里的所有苹果的总重量和店主给出的价格，计算我应付的价格\n        向店主询问我应付的价格\n        如果我不接受店主索要的价格，则执行3次：\n        校对流程开始\n            向店主解释我计算出的价格，并询问其是否同意\n            如果店主同意，则跳过剩余的“校对流程”\n        校对流程结束\n        如果我仍然不接受店主索要的价格，则将我的所有袋子里的所有苹果取出，然后结束当前的“拜访一家水果店流程”\n        如果我没带钱，则将我的所有袋子里的所有苹果取出，然后结束当前的“拜访一家水果店流程”\n        付钱拿走苹果\n        跳过剩余的“拜访一家水果店流程”\n    拜访一家水果店流程结束\n买苹果流程结束\n</code></pre></div><p>这个流程怎么样？我来设计一些测试样例，测试一下这个流程。</p><p>测试发现一个问题：如果水果店0和水果店1都有红富士苹果并且价格都低于10元/斤，而且水果店1的价格比水果店0更低，那么我希望买水果店1的苹果，但我设计的流程会让我买水果店0的苹果。</p><p>为了解决这个问题，我应该先询问所有水果店的价格，然后去价格最低的那一家买苹果。</p><p>经过修改，我重新设计出以下的买苹果的流程：</p><div class=\"highlight\"><pre><code class=\"language-text\"><span/>买苹果流程开始\n    对水果店0、水果店1、水果店2依次执行：\n    询问一家水果店的红富士价格流程开始\n        走到此水果店\n        如果此水果店没有开门，则视此水果店的红富士价格为无穷大元/斤，并结束当前的“询问一家水果店的红富士价格流程”\n        如果此水果店没有苹果，则视此水果店的红富士价格为无穷大元/斤，并结束当前的“询问一家水果店的红富士价格流程”\n        如果此水果店的苹果当中没有红富士苹果，则视此水果店的红富士价格为无穷大元/斤，并结束当前的“询问一家水果店的红富士价格流程”\n        如果此水果店的红富士苹果剩余不到一斤，则视此水果店的红富士价格为无穷大元/斤，并结束当前的“询问一家水果店的红富士价格流程”\n        向店主询问此水果店的红富士苹果价格并记录\n    询问一家水果店的红富士价格流程结束\n    从3家水果店中选出红富士价格最低的一家（如果有并列则随机选择），将其作为目标水果店\n    如果目标水果店的红富士苹果价格为无穷大元/斤，则结束当前的“买苹果流程”\n    走到目标水果店\n    如果此水果店的红富士苹果的价格高于10元/斤，则执行3次：\n    讲价流程开始\n        询问店主是否愿意将价格降到10元/斤或更低\n        如果店主愿意，则跳过剩余的“讲价流程”\n    讲价流程结束\n    如果此水果店的红富士苹果的价格仍然高于10元/斤，则结束当前的“买苹果流程”\n    打开一个袋子，将其作为当前的袋子\n    重复执行以下流程，直到总重量大于一斤：\n    装袋一个苹果流程开始\n        从所有的不在袋子中的红富士苹果中选出最好的一个\n        如果此苹果能装入当前的袋子，则将此苹果装入当前的袋子，否则执行：\n        换袋子流程开始\n            如果我有剩余的袋子，则从中任意选出一个并作为当前的袋子，否则执行：\n            向店主要袋子流程开始\n                向店主索要一个袋子\n                如果店主拒绝给我袋子，则将我的所有袋子里的所有苹果取出，然后结束当前的“买苹果流程”\n                将店主给我的袋子作为当前的袋子\n            向店主要袋子流程结束\n        换袋子流程结束\n        测量我的所有袋子里的所有苹果的总重量\n    装袋一个苹果流程结束\n    根据我的所有袋子里的所有苹果的总重量和店主给出的价格，计算我应付的价格\n    向店主询问我应付的价格\n    如果我不接受店主索要的价格，则执行3次：\n    校对流程开始\n        向店主解释我计算出的价格，并询问其是否同意\n        如果店主同意，则跳过剩余的“校对流程”\n    校对流程结束\n    如果我仍然不接受店主索要的价格，则将我的所有袋子里的所有苹果取出，然后结束当前的“买苹果流程”\n    如果我没带钱，则将我的所有袋子里的所有苹果取出，然后结束当前的“买苹果流程”\n    付钱拿走苹果\n买苹果流程结束\n</code></pre></div><p>现在这个流程是不是完美了呢？不是，我还能发现很多问题。<br/>如果3家水果店都有红富士苹果但都不到一斤，但是三家店加起来能达到一斤，那么我不应该结束流程回家，而是应该把三家店的红富士苹果都买下来。<br/>如果我向水果店询问价格的时候这家店还有红富士苹果，但我询问完所有水果店的价格后这家店的红富士苹果卖完了，那么我的流程会让我试图处理不存在的红富士苹果。<br/>我走路的过程中可能会遇到突发事件，比如发现了新的水果店，比如袋子破掉了苹果掉一地，对于这些情况我的流程都无法进行处理。</p><p>啊问题太多了我懒得再改流程了。我还是去X宝买吧。<br/>那么接下来我要设计一个在X宝买红富士苹果的流程……</p><p>==========================================================</p><p>这篇沉寂了5天只得到1个赞的回答竟然一夜之间收获2000+赞，一举成为个人最多赞的回答。感谢大家的支持，以及精彩的评论。</p><p>这篇回答并不是讲述在生活中程序员如何买苹果，而是以买苹果为例说明程序员如何解决问题。程序员需要对问题进行透彻的分析，理清其涉及的所有细节，预测可能发生的所有意外与非意外的情况，列出解决方案的所有步骤，以及对解决方案进行尽量全面的测试。</p><p>而这些正是我认为编程难的地方。任何一点遗漏都会成为bug，轻则导致挨骂，重则导致经济损失甚至危害安全。</p><p>注意这些难点全部和语言无关。和编程所需要的绝对严密的逻辑相比，语言实在是太简单了。（某些自带代码混淆效果的语言除外）</p><p>==========================================================</p><p>我勒个去4000+赞了！妈妈！我火了！</p><p>好多评论说这代码像python。然而我根本不会讲python。</p><p>==========================================================</p><p>本回答可以随意转载，只需附带原文链接即可。</p>', '24', '70', '100', '2018-09-23 00:30:02', null);
INSERT INTO `comment` VALUES ('28', '<p>情人节给程序员男朋友买了一把HHKB，然后对他说：用它养我。<br/>他随时随身携带，因为喜欢打棒球，连打球的时候都放在后备箱里。<br/>BTW，我们下个月要结婚了。</p><figure><noscript><img src=\"https://pic3.zhimg.com/f4826217b53cc5c6f41882250b24e0be_b.jpg\" data-rawwidth=\"640\" data-rawheight=\"640\" data-size=\"normal\" class=\"origin_image zh-lightbox-thumb\" width=\"640\" data-original=\"https://pic3.zhimg.com/f4826217b53cc5c6f41882250b24e0be_r.jpg\"/></noscript><img src=\"data:image/svg+xml;utf8,&lt;svg%20xmlns=\'http://www.w3.org/2000/svg\'%20width=\'640\'%20height=\'640\'&gt;&lt;/svg&gt;\" data-rawwidth=\"640\" data-rawheight=\"640\" data-size=\"normal\" class=\"origin_image zh-lightbox-thumb lazy\" width=\"640\" data-original=\"https://pic3.zhimg.com/f4826217b53cc5c6f41882250b24e0be_r.jpg\" data-actualsrc=\"https://pic3.zhimg.com/f4826217b53cc5c6f41882250b24e0be_b.jpg\"/></figure><p><br/></p><p>程序员买得起HHKB吗？都买得起。但是他们大部分都不会很快就买了。一是舍不得，毕竟自己烧键盘多少有点不好意思。二是希望它的来历赋予某种意义。<br/>      就像一个很好看的戒指，你很喜欢，虽然你买得起，但你可能更希望它是一个礼物。<br/>-------------一周后补充回答-----------</p><p>为什么是HHKB？<br/>1，小，轻，他不需要小键盘。<br/>2，旁敲侧击得知他写python，scala，R语言，用的是Emacs编辑器，然后听淘宝老板推荐，就是HHKB了。<br/>3，N年以后，他可以指着这把旧旧的键盘对孩子说：“你妈妈爱我，送了我这把键盘。我也爱你妈妈，所以用它养活了咱们全家。”</p><p><br/>--------------第二天补充回答----</p><p>程序员工作那么辛苦，吃饭的家伙还是可以提升一下的。我不懂键盘，但我知道他每天触摸键盘的时间最久。自从买了以后，他每次加班都开心舒服很多。这是他心情好的时候给我晒他工作。</p><figure><noscript><img src=\"https://pic3.zhimg.com/91e252c09d0b276c669fde6b9e4032be_b.jpg\" data-rawwidth=\"1536\" data-rawheight=\"1152\" data-size=\"normal\" class=\"origin_image zh-lightbox-thumb\" width=\"1536\" data-original=\"https://pic3.zhimg.com/91e252c09d0b276c669fde6b9e4032be_r.jpg\"/></noscript><img src=\"data:image/svg+xml;utf8,&lt;svg%20xmlns=\'http://www.w3.org/2000/svg\'%20width=\'1536\'%20height=\'1152\'&gt;&lt;/svg&gt;\" data-rawwidth=\"1536\" data-rawheight=\"1152\" data-size=\"normal\" class=\"origin_image zh-lightbox-thumb lazy\" width=\"1536\" data-original=\"https://pic3.zhimg.com/91e252c09d0b276c669fde6b9e4032be_r.jpg\" data-actualsrc=\"https://pic3.zhimg.com/91e252c09d0b276c669fde6b9e4032be_b.jpg\"/></figure><p><br/>--------------第三天，补充回答-----<br/>嘛………贴一贴淘宝店老板对我说的话吧（避嫌，店名已隐去）<br/></p><figure><noscript><img src=\"https://pic2.zhimg.com/f074e4b13fca310882d762efe71fcf79_b.jpg\" data-rawwidth=\"640\" data-rawheight=\"1136\" data-size=\"normal\" class=\"origin_image zh-lightbox-thumb\" width=\"640\" data-original=\"https://pic2.zhimg.com/f074e4b13fca310882d762efe71fcf79_r.jpg\"/></noscript><img src=\"data:image/svg+xml;utf8,&lt;svg%20xmlns=\'http://www.w3.org/2000/svg\'%20width=\'640\'%20height=\'1136\'&gt;&lt;/svg&gt;\" data-rawwidth=\"640\" data-rawheight=\"1136\" data-size=\"normal\" class=\"origin_image zh-lightbox-thumb lazy\" width=\"640\" data-original=\"https://pic2.zhimg.com/f074e4b13fca310882d762efe71fcf79_r.jpg\" data-actualsrc=\"https://pic2.zhimg.com/f074e4b13fca310882d762efe71fcf79_b.jpg\"/></figure><p><br/></p><figure><noscript><img src=\"https://pic4.zhimg.com/2feaa79dda58a434a4bfafa46044dfff_b.jpg\" data-rawwidth=\"640\" data-rawheight=\"1004\" data-size=\"normal\" class=\"origin_image zh-lightbox-thumb\" width=\"640\" data-original=\"https://pic4.zhimg.com/2feaa79dda58a434a4bfafa46044dfff_r.jpg\"/></noscript><img src=\"data:image/svg+xml;utf8,&lt;svg%20xmlns=\'http://www.w3.org/2000/svg\'%20width=\'640\'%20height=\'1004\'&gt;&lt;/svg&gt;\" data-rawwidth=\"640\" data-rawheight=\"1004\" data-size=\"normal\" class=\"origin_image zh-lightbox-thumb lazy\" width=\"640\" data-original=\"https://pic4.zhimg.com/2feaa79dda58a434a4bfafa46044dfff_r.jpg\" data-actualsrc=\"https://pic4.zhimg.com/2feaa79dda58a434a4bfafa46044dfff_b.jpg\"/></figure><p><br/></p><p><br/></p><p>------第四天，补充更新--------------<br/>既然如此，就给大家看看这个店一些评论吧，也蛮有意思。</p><p><br/></p><figure><noscript><img src=\"https://pic4.zhimg.com/3aadf7421240f88a9e85e75091344707_b.jpg\" data-rawwidth=\"1536\" data-rawheight=\"977\" data-size=\"normal\" class=\"origin_image zh-lightbox-thumb\" width=\"1536\" data-original=\"https://pic4.zhimg.com/3aadf7421240f88a9e85e75091344707_r.jpg\"/></noscript><img src=\"data:image/svg+xml;utf8,&lt;svg%20xmlns=\'http://www.w3.org/2000/svg\'%20width=\'1536\'%20height=\'977\'&gt;&lt;/svg&gt;\" data-rawwidth=\"1536\" data-rawheight=\"977\" data-size=\"normal\" class=\"origin_image zh-lightbox-thumb lazy\" width=\"1536\" data-original=\"https://pic4.zhimg.com/3aadf7421240f88a9e85e75091344707_r.jpg\" data-actualsrc=\"https://pic4.zhimg.com/3aadf7421240f88a9e85e75091344707_b.jpg\"/></figure><p><br/></p><figure><noscript><img src=\"https://pic2.zhimg.com/7677f420fa3dee544101ff938261c4a9_b.jpg\" data-rawwidth=\"640\" data-rawheight=\"1136\" data-size=\"normal\" class=\"origin_image zh-lightbox-thumb\" width=\"640\" data-original=\"https://pic2.zhimg.com/7677f420fa3dee544101ff938261c4a9_r.jpg\"/></noscript><img src=\"data:image/svg+xml;utf8,&lt;svg%20xmlns=\'http://www.w3.org/2000/svg\'%20width=\'640\'%20height=\'1136\'&gt;&lt;/svg&gt;\" data-rawwidth=\"640\" data-rawheight=\"1136\" data-size=\"normal\" class=\"origin_image zh-lightbox-thumb lazy\" width=\"640\" data-original=\"https://pic2.zhimg.com/7677f420fa3dee544101ff938261c4a9_r.jpg\" data-actualsrc=\"https://pic2.zhimg.com/7677f420fa3dee544101ff938261c4a9_b.jpg\"/></figure><p><br/>------------第五天，解锁！补充回答-------<br/>我男朋友是一只萌萌的程序员，只要我男朋友开心，我就喜欢给他买买买。我也不知道怎么回事，只要他一笑，我就好爽。</p><p>这是我给他买的棒球打击手套，他拿到的表情。<br/></p><figure><noscript><img src=\"https://pic1.zhimg.com/44bff7fe118c259c867c646d3b8d1ab0_b.jpg\" data-rawwidth=\"960\" data-rawheight=\"1280\" data-size=\"normal\" class=\"origin_image zh-lightbox-thumb\" width=\"960\" data-original=\"https://pic1.zhimg.com/44bff7fe118c259c867c646d3b8d1ab0_r.jpg\"/></noscript><img src=\"data:image/svg+xml;utf8,&lt;svg%20xmlns=\'http://www.w3.org/2000/svg\'%20width=\'960\'%20height=\'1280\'&gt;&lt;/svg&gt;\" data-rawwidth=\"960\" data-rawheight=\"1280\" data-size=\"normal\" class=\"origin_image zh-lightbox-thumb lazy\" width=\"960\" data-original=\"https://pic1.zhimg.com/44bff7fe118c259c867c646d3b8d1ab0_r.jpg\" data-actualsrc=\"https://pic1.zhimg.com/44bff7fe118c259c867c646d3b8d1ab0_b.jpg\"/></figure><p><br/></p><p>这是我给他买的防晒墨镜夹片，他戴上的表情：<br/></p><figure><noscript><img src=\"https://pic2.zhimg.com/3ad5e6ddfa49c7ee4365ee4e0f733425_b.jpg\" data-rawwidth=\"1152\" data-rawheight=\"1536\" data-size=\"normal\" class=\"origin_image zh-lightbox-thumb\" width=\"1152\" data-original=\"https://pic2.zhimg.com/3ad5e6ddfa49c7ee4365ee4e0f733425_r.jpg\"/></noscript><img src=\"data:image/svg+xml;utf8,&lt;svg%20xmlns=\'http://www.w3.org/2000/svg\'%20width=\'1152\'%20height=\'1536\'&gt;&lt;/svg&gt;\" data-rawwidth=\"1152\" data-rawheight=\"1536\" data-size=\"normal\" class=\"origin_image zh-lightbox-thumb lazy\" width=\"1152\" data-original=\"https://pic2.zhimg.com/3ad5e6ddfa49c7ee4365ee4e0f733425_r.jpg\" data-actualsrc=\"https://pic2.zhimg.com/3ad5e6ddfa49c7ee4365ee4e0f733425_b.jpg\"/></figure><p><br/></p><p>这是我给他买了新的电脑双肩包以后他抱着睡着了的表情：<br/></p><figure><noscript><img src=\"https://pic2.zhimg.com/cf8ac46cc6d7b32590295f09cda3b0f5_b.jpg\" data-rawwidth=\"1536\" data-rawheight=\"1536\" data-size=\"normal\" class=\"origin_image zh-lightbox-thumb\" width=\"1536\" data-original=\"https://pic2.zhimg.com/cf8ac46cc6d7b32590295f09cda3b0f5_r.jpg\"/></noscript><img src=\"data:image/svg+xml;utf8,&lt;svg%20xmlns=\'http://www.w3.org/2000/svg\'%20width=\'1536\'%20height=\'1536\'&gt;&lt;/svg&gt;\" data-rawwidth=\"1536\" data-rawheight=\"1536\" data-size=\"normal\" class=\"origin_image zh-lightbox-thumb lazy\" width=\"1536\" data-original=\"https://pic2.zhimg.com/cf8ac46cc6d7b32590295f09cda3b0f5_r.jpg\" data-actualsrc=\"https://pic2.zhimg.com/cf8ac46cc6d7b32590295f09cda3b0f5_b.jpg\"/></figure><p><br/></p><p>这是带他买炸鸡时他的表情：<br/></p><figure><noscript><img src=\"https://pic2.zhimg.com/59edf2fef3dfb1bddab27b15626e4aa5_b.jpg\" data-rawwidth=\"1536\" data-rawheight=\"1536\" data-size=\"normal\" class=\"origin_image zh-lightbox-thumb\" width=\"1536\" data-original=\"https://pic2.zhimg.com/59edf2fef3dfb1bddab27b15626e4aa5_r.jpg\"/></noscript><img src=\"data:image/svg+xml;utf8,&lt;svg%20xmlns=\'http://www.w3.org/2000/svg\'%20width=\'1536\'%20height=\'1536\'&gt;&lt;/svg&gt;\" data-rawwidth=\"1536\" data-rawheight=\"1536\" data-size=\"normal\" class=\"origin_image zh-lightbox-thumb lazy\" width=\"1536\" data-original=\"https://pic2.zhimg.com/59edf2fef3dfb1bddab27b15626e4aa5_r.jpg\" data-actualsrc=\"https://pic2.zhimg.com/59edf2fef3dfb1bddab27b15626e4aa5_b.jpg\"/></figure><p><br/></p><p>然后…这是我给他买了Ps4他的表情：<br/></p><figure><noscript><img src=\"https://pic2.zhimg.com/9d55581ba5ce28a294b4b2f278db2b75_b.jpg\" data-rawwidth=\"479\" data-rawheight=\"494\" data-size=\"normal\" class=\"origin_image zh-lightbox-thumb\" width=\"479\" data-original=\"https://pic2.zhimg.com/9d55581ba5ce28a294b4b2f278db2b75_r.jpg\"/></noscript><img src=\"data:image/svg+xml;utf8,&lt;svg%20xmlns=\'http://www.w3.org/2000/svg\'%20width=\'479\'%20height=\'494\'&gt;&lt;/svg&gt;\" data-rawwidth=\"479\" data-rawheight=\"494\" data-size=\"normal\" class=\"origin_image zh-lightbox-thumb lazy\" width=\"479\" data-original=\"https://pic2.zhimg.com/9d55581ba5ce28a294b4b2f278db2b75_r.jpg\" data-actualsrc=\"https://pic2.zhimg.com/9d55581ba5ce28a294b4b2f278db2b75_b.jpg\"/></figure><p><br/></p><p>告诉我……如果可以用这样的方式让他开心，我怎么拒绝……我没法拒绝。别说hhkb了，1700买坨石头能让他开心成傻逼我也买。。</p><p>--------破千赞了竟然！-----------------</p><p>上线好奇看看破60没结果发现都破千了………<br/>看评论觉得好惊讶好感动<br/>这么晚编辑是因为…今晚他突然向我求婚了。。。。<br/></p><figure><noscript><img src=\"https://pic2.zhimg.com/64534f3e48c846efaf6edbbaffa39529_b.jpg\" data-rawwidth=\"1152\" data-rawheight=\"1536\" data-size=\"normal\" class=\"origin_image zh-lightbox-thumb\" width=\"1152\" data-original=\"https://pic2.zhimg.com/64534f3e48c846efaf6edbbaffa39529_r.jpg\"/></noscript><img src=\"data:image/svg+xml;utf8,&lt;svg%20xmlns=\'http://www.w3.org/2000/svg\'%20width=\'1152\'%20height=\'1536\'&gt;&lt;/svg&gt;\" data-rawwidth=\"1152\" data-rawheight=\"1536\" data-size=\"normal\" class=\"origin_image zh-lightbox-thumb lazy\" width=\"1152\" data-original=\"https://pic2.zhimg.com/64534f3e48c846efaf6edbbaffa39529_r.jpg\" data-actualsrc=\"https://pic2.zhimg.com/64534f3e48c846efaf6edbbaffa39529_b.jpg\"/></figure><p><br/></p><p>请不要烧我，细思我这答贴对你们有好处的。ˊ_&gt;ˋ<br/>他不算富裕，但这是他给我的…唉…哭成狗。<br/></p><figure><noscript><img src=\"https://pic1.zhimg.com/24a40ee7d46771c52a68c4f94a02c114_b.jpg\" data-rawwidth=\"1152\" data-rawheight=\"1536\" data-size=\"normal\" class=\"origin_image zh-lightbox-thumb\" width=\"1152\" data-original=\"https://pic1.zhimg.com/24a40ee7d46771c52a68c4f94a02c114_r.jpg\"/></noscript><img src=\"data:image/svg+xml;utf8,&lt;svg%20xmlns=\'http://www.w3.org/2000/svg\'%20width=\'1152\'%20height=\'1536\'&gt;&lt;/svg&gt;\" data-rawwidth=\"1152\" data-rawheight=\"1536\" data-size=\"normal\" class=\"origin_image zh-lightbox-thumb lazy\" width=\"1152\" data-original=\"https://pic1.zhimg.com/24a40ee7d46771c52a68c4f94a02c114_r.jpg\" data-actualsrc=\"https://pic1.zhimg.com/24a40ee7d46771c52a68c4f94a02c114_b.jpg\"/></figure><p><br/></p><p>想想我们在一起快1024天了，愿天下情侣幸福。</p><p>--------破1024赞，不小心解锁隐形福利！--------</p><p>单身哒程序员请戳：<a href=\"http://www.zhihu.com/question/28582088/answer/42376305\" class=\"internal\"><span class=\"invisible\">http://www.</span><span class=\"visible\">zhihu.com/question/2858</span><span class=\"invisible\">2088/answer/42376305</span><span class=\"ellipsis\"/></a> 然后在评论里找对象。</p><p>单身想养猿哒妹子请翻本答案评论自己选。</p><p>是不是更想点赞了？</p><p><br/>-----------破2048赞啦！感谢！新福利！--------<br/>应妹子们要求今天创建了一个QQ群，凡事想认识程序/妹子脱单 的，也可以私信我要群号。群号下面也有公布。</p><p>更：很抱歉因为私信太多暴增实在回复不过来，加上最近在养身体太忙，群也满员！请各位妹子直接在微博@程序猿观察日记 置顶那条下面回复自己的基本情况（最好带上知乎ID） 有很多单身程序员也在那条留言的！谢谢你们对小绿的支持和抬爱   ！</p><p>再次感谢祝福～</p><p>--------破3000赞啦！感谢！新资料片！-------------<br/>因为公司里他旁边程序员也是这键盘，怕弄混了。(￣▽￣)于是我给他画了个logo，印了贴纸，贴在他的键盘背面～<br/></p><figure><noscript><img src=\"https://pic2.zhimg.com/87152b189ad7f644e0970de2d630e559_b.jpg\" data-rawwidth=\"640\" data-rawheight=\"640\" data-size=\"normal\" class=\"origin_image zh-lightbox-thumb\" width=\"640\" data-original=\"https://pic2.zhimg.com/87152b189ad7f644e0970de2d630e559_r.jpg\"/></noscript><img src=\"data:image/svg+xml;utf8,&lt;svg%20xmlns=\'http://www.w3.org/2000/svg\'%20width=\'640\'%20height=\'640\'&gt;&lt;/svg&gt;\" data-rawwidth=\"640\" data-rawheight=\"640\" data-size=\"normal\" class=\"origin_image zh-lightbox-thumb lazy\" width=\"640\" data-original=\"https://pic2.zhimg.com/87152b189ad7f644e0970de2d630e559_r.jpg\" data-actualsrc=\"https://pic2.zhimg.com/87152b189ad7f644e0970de2d630e559_b.jpg\"/></figure><figure><noscript><img src=\"https://pic2.zhimg.com/ee55281849e7a14963dcdb7fc42c9d45_b.jpg\" data-rawwidth=\"1536\" data-rawheight=\"1536\" data-size=\"normal\" class=\"origin_image zh-lightbox-thumb\" width=\"1536\" data-original=\"https://pic2.zhimg.com/ee55281849e7a14963dcdb7fc42c9d45_r.jpg\"/></noscript><img src=\"data:image/svg+xml;utf8,&lt;svg%20xmlns=\'http://www.w3.org/2000/svg\'%20width=\'1536\'%20height=\'1536\'&gt;&lt;/svg&gt;\" data-rawwidth=\"1536\" data-rawheight=\"1536\" data-size=\"normal\" class=\"origin_image zh-lightbox-thumb lazy\" width=\"1536\" data-original=\"https://pic2.zhimg.com/ee55281849e7a14963dcdb7fc42c9d45_r.jpg\" data-actualsrc=\"https://pic2.zhimg.com/ee55281849e7a14963dcdb7fc42c9d45_b.jpg\"/></figure><p>       所以说我简直就是他的专属免费美工T T</p><p><br/>-------4K分辨率解锁一个虐狗前传-------------<br/>其实…我们也经历过很多考验。贫穷的毕业狗看电影唱K一律抢团购。后来他去hk，我们开始打异地恋副本。记得在他去学校报到的前一天，我用做外包挣的钱给他买了一个Nexus7..因为他可以用它看文档，搜集资料。他很开心，给它起名字叫“小绿送我的菜板”。     我也不太了解他学的“数据挖掘”到底是什么。有一天他给我发了一张好漂亮的图，他兴奋地说这是一个数据的结果。     当时我问他：你会做iOS开发游戏吗？现在这个这么火，你要不要试试看？他说：不，我还是喜欢数据挖掘。我喜欢这个，就做这个。</p><figure><noscript><img src=\"https://pic4.zhimg.com/57122f294e2559e0263948dd11773373_b.jpg\" data-rawwidth=\"1280\" data-rawheight=\"960\" data-size=\"normal\" class=\"origin_image zh-lightbox-thumb\" width=\"1280\" data-original=\"https://pic4.zhimg.com/57122f294e2559e0263948dd11773373_r.jpg\"/></noscript><img src=\"data:image/svg+xml;utf8,&lt;svg%20xmlns=\'http://www.w3.org/2000/svg\'%20width=\'1280\'%20height=\'960\'&gt;&lt;/svg&gt;\" data-rawwidth=\"1280\" data-rawheight=\"960\" data-size=\"normal\" class=\"origin_image zh-lightbox-thumb lazy\" width=\"1280\" data-original=\"https://pic4.zhimg.com/57122f294e2559e0263948dd11773373_r.jpg\" data-actualsrc=\"https://pic4.zhimg.com/57122f294e2559e0263948dd11773373_b.jpg\"/></figure><p><br/>     其实当时我也蛮欣赏他这个态度，因为我也是喜欢什么就坚持做什么。</p><p>    后来异地恋副本打完了，在他的坚持努力下，终于进入了理想的公司。记得面试成功他给我打电话，第一次发工资请我吃饭，都是充实美好的回忆。</p><p>      虽然我们都不算超级大牛，但都是很努力的年轻人。毕竟最大的幸福不就是能因为梦想而工作，因为真爱而结婚吗？(^_^)</p><p><br/></p><figure><noscript><img src=\"https://pic2.zhimg.com/3bbbb4be0ff174e10c13852a0733dab1_b.jpg\" data-rawwidth=\"1536\" data-rawheight=\"1536\" data-size=\"normal\" class=\"origin_image zh-lightbox-thumb\" width=\"1536\" data-original=\"https://pic2.zhimg.com/3bbbb4be0ff174e10c13852a0733dab1_r.jpg\"/></noscript><img src=\"data:image/svg+xml;utf8,&lt;svg%20xmlns=\'http://www.w3.org/2000/svg\'%20width=\'1536\'%20height=\'1536\'&gt;&lt;/svg&gt;\" data-rawwidth=\"1536\" data-rawheight=\"1536\" data-size=\"normal\" class=\"origin_image zh-lightbox-thumb lazy\" width=\"1536\" data-original=\"https://pic2.zhimg.com/3bbbb4be0ff174e10c13852a0733dab1_r.jpg\" data-actualsrc=\"https://pic2.zhimg.com/3bbbb4be0ff174e10c13852a0733dab1_b.jpg\"/></figure><p><br/>作为千千万万普通女朋友中的一个，我也不知道静电容和这轴那轴的区别，但我感觉到键盘对程序猿的意义所在。我希望他做一只开心的程序猿，仅此而已。这就是我买HHKB的原因。</p><p><br/>-------------------被5k赞吓尿了--------------</p><p>看了留言，私信，就“为什么程序猿男朋友想买一个机械键盘”这个问题很多妹子没有争议，（顺便向所有程序媛致敬）但是因为经济问题也有妹子犯难（甚至有妹子说自己还是学生，想每个月存一点给男朋友买HHKB）…其实我觉得妹子们量力而行就好，丰俭由人，礼物只是个心意～只要两个人感情好送什么都刷亲密度。<br/>      表达关爱的方式有很多，不管是10块包邮的魔术贴绕线器还是上万的hololens，这些只是锦上添花的东西，如果有妹子在选礼物方面很为难可以私信问我。</p><p><br/>顺便：我发现我买的那家键盘店销量见涨啊！(╯°□°）╯︵ ┻━┻ </p><p><br/>--------关于我们的群号-----------------</p><p>请妹子们在微博@ 程序猿观察日记 置顶微博留言相亲吧！</p><p>想加群的程序员们群号在这里：</p><p><a href=\"https://link.zhihu.com/?target=https%3A//gist.github.com/zealic/38510fd8ecd1be75924a\" class=\" external\" target=\"_blank\" rel=\"nofollow noreferrer\"><span class=\"invisible\">https://</span><span class=\"visible\">gist.github.com/zealic/</span><span class=\"invisible\">38510fd8ecd1be75924a</span><span class=\"ellipsis\"/></a><br/>注：Github gist需翻墙访问，群号需一定能力的程序猿解出！<br/><b>（<u>9月8日补充：这题是不是有点难啊，目前群里妹子比程序猿多100人了…猿猿们加油呀！）</u></b></p><p>-----------万赞吓尿！-----------------</p><p>谢谢！谢谢大家！居然破万了…受宠若惊啊！<br/>写这回答时我和他还在交往中，现在我们已经结婚了。（就是这么任性的happy ending！）</p><p>生活依然平淡忙碌，上周日他突然说“我想起那个问题怎么解决了！我要去公司写一会。”于是我去陪他加班，静静坐着看他写代码，看着夏日午后的阳光洒在他和电脑上，我捧着可乐咬着吸管，听他敲着hhkb蹦出的轻巧声音，</p><p>感觉挺好的。</p><p><br/></p><figure><noscript><img src=\"https://pic1.zhimg.com/2495afbc1527b8753d2a3485afea588c_b.jpg\" data-rawwidth=\"1536\" data-rawheight=\"1152\" data-size=\"normal\" class=\"origin_image zh-lightbox-thumb\" width=\"1536\" data-original=\"https://pic1.zhimg.com/2495afbc1527b8753d2a3485afea588c_r.jpg\"/></noscript><img src=\"data:image/svg+xml;utf8,&lt;svg%20xmlns=\'http://www.w3.org/2000/svg\'%20width=\'1536\'%20height=\'1152\'&gt;&lt;/svg&gt;\" data-rawwidth=\"1536\" data-rawheight=\"1152\" data-size=\"normal\" class=\"origin_image zh-lightbox-thumb lazy\" width=\"1536\" data-original=\"https://pic1.zhimg.com/2495afbc1527b8753d2a3485afea588c_r.jpg\" data-actualsrc=\"https://pic1.zhimg.com/2495afbc1527b8753d2a3485afea588c_b.jpg\"/></figure><p>…………<br/>他写完以后，非常开心…然后……你们知道的………我家这位猿真的很屌丝啊！他挨个挨个给我指同事们用的键盘：“这是cherry～”“这个是黑色版无刻版的hhkb！”“这个是Filco！来来来你按一下，段落感很清脆的有没有?！” 然后他还恋恋不舍地按了几下………<br/></p><figure><noscript><img src=\"https://pic2.zhimg.com/3925d2511fd8ef18e5a86bb34ba9ad05_b.jpg\" data-rawwidth=\"1082\" data-rawheight=\"1500\" data-size=\"normal\" class=\"origin_image zh-lightbox-thumb\" width=\"1082\" data-original=\"https://pic2.zhimg.com/3925d2511fd8ef18e5a86bb34ba9ad05_r.jpg\"/></noscript><img src=\"data:image/svg+xml;utf8,&lt;svg%20xmlns=\'http://www.w3.org/2000/svg\'%20width=\'1082\'%20height=\'1500\'&gt;&lt;/svg&gt;\" data-rawwidth=\"1082\" data-rawheight=\"1500\" data-size=\"normal\" class=\"origin_image zh-lightbox-thumb lazy\" width=\"1082\" data-original=\"https://pic2.zhimg.com/3925d2511fd8ef18e5a86bb34ba9ad05_r.jpg\" data-actualsrc=\"https://pic2.zhimg.com/3925d2511fd8ef18e5a86bb34ba9ad05_b.jpg\"/></figure><p><br/></p><p><br/>-_-我算是明白了，什么叫手指马杀鸡，程序猿养家利器……键盘就是程序猿的包包嘛！（比喻）(￣▽￣)</p><p><br/>祝大家早日找到自己的幸福。<br/>-----------------------------</p><p>-都12000赞了，答主你以后还更不更？<br/>-更！<br/>-为什么没有你男票拿到键盘的样子的照片？<br/>-没有拍，但我有画出来Y(^_^)Y</p><p><br/></p><p>以下是我家猿当时拿到HHKB的真实反应，说起来，七夕好像也要到了呀～大家有没有找到自己的幸福呢？</p><figure><noscript><img src=\"https://pic1.zhimg.com/ded10595741bbc24ec7bccc343b092f4_b.jpg\" data-rawwidth=\"720\" data-rawheight=\"2067\" data-size=\"normal\" class=\"origin_image zh-lightbox-thumb\" width=\"720\" data-original=\"https://pic1.zhimg.com/ded10595741bbc24ec7bccc343b092f4_r.jpg\"/></noscript><img src=\"data:image/svg+xml;utf8,&lt;svg%20xmlns=\'http://www.w3.org/2000/svg\'%20width=\'720\'%20height=\'2067\'&gt;&lt;/svg&gt;\" data-rawwidth=\"720\" data-rawheight=\"2067\" data-size=\"normal\" class=\"origin_image zh-lightbox-thumb lazy\" width=\"720\" data-original=\"https://pic1.zhimg.com/ded10595741bbc24ec7bccc343b092f4_r.jpg\" data-actualsrc=\"https://pic1.zhimg.com/ded10595741bbc24ec7bccc343b092f4_b.jpg\"/></figure><p>水印是@程序猿观察日记  - - 请忽略。。是我更小漫画和安利程序猿日常的微博。</p><p>---------写于14000赞，感动与感谢------------</p><p>   很多妹子问我要hhkb链接，这个国内没有品牌店只能找代购买，某宝上很多店都能买。如果是带什么PFU授权的还有售后质保。但是! 不一定就非要买贵贵的静电容键盘呀！！</p><p>      对于完全不懂硬件，看技术贴会晕的妹子们来说，该为他选择哪款键盘呢？</p><p>     如果要买键盘送他，并不是越贵的键盘越适合他～有的喜欢cherry，有的喜欢filco，有的喜欢全键盘，有的却并不需要。有的打游戏多一点，有的打字比较多。使用习惯会根据他所写的语言不同而不同啊，我买之前对他旁敲侧击了很久才锁定hhkb的。希望妹子们不要花冤枉钱…</p><p>      在购买之前，一定一定要咨询键盘店老板，让他根据男朋友实际情况给你建议，再来决定买什么型号。(・ω・)ノ</p><p>      另外机械键盘和静电容键盘都很怕水，要注意包装不要淋雨。能去实体店的直接去实体店买吧～（有好多妹子完全不了解键盘，就私信我要咨询，蒙在鼓里的程序员好福气呀！T^T）</p><p>      我觉得我就是个普通的女朋友而已，没有任何特别。这些天看到了太多妹子的私信，其实都一样，爱一个人就想给他最好的，让他开心。我再次劝学生妹子们不要省钱买太贵的键盘QAQ 心疼死了……</p><p>为什么我那当程序员的男朋友一直特别想要个机械键盘？<br/>因为热爱，因为是吃饭的家伙，因为每天要碰它一整天。</p><p>为什么我要给他买？<br/>因为支持，因为了解，因为明明知道他舍不得。</p><p>---------------写于17000赞更新（还有人催更哈哈）-------</p><p>感觉真是对不起这家键盘店的其他无辜单身买家…（虽然我从来没打广告主动发链接说是哪家店啊啊啊）但自从突然很多妹子去买键盘以后，单身宅男买个键盘看了眼评论也被虐哭了  连老板也只有安慰…（我再说一次在哪家买都一样…）</p><p><br/></p><figure><noscript><img src=\"https://pic3.zhimg.com/d0d99d0009c0894f38c74723811dafbe_b.jpg\" data-rawwidth=\"750\" data-rawheight=\"1334\" data-size=\"normal\" class=\"origin_image zh-lightbox-thumb\" width=\"750\" data-original=\"https://pic3.zhimg.com/d0d99d0009c0894f38c74723811dafbe_r.jpg\"/></noscript><img src=\"data:image/svg+xml;utf8,&lt;svg%20xmlns=\'http://www.w3.org/2000/svg\'%20width=\'750\'%20height=\'1334\'&gt;&lt;/svg&gt;\" data-rawwidth=\"750\" data-rawheight=\"1334\" data-size=\"normal\" class=\"origin_image zh-lightbox-thumb lazy\" width=\"750\" data-original=\"https://pic3.zhimg.com/d0d99d0009c0894f38c74723811dafbe_r.jpg\" data-actualsrc=\"https://pic3.zhimg.com/d0d99d0009c0894f38c74723811dafbe_b.jpg\"/></figure><p><br/></p><p><br/></p><figure><noscript><img src=\"https://pic1.zhimg.com/89d3903c19cc0087ca9859676d537e48_b.jpg\" data-rawwidth=\"750\" data-rawheight=\"1334\" data-size=\"normal\" class=\"origin_image zh-lightbox-thumb\" width=\"750\" data-original=\"https://pic1.zhimg.com/89d3903c19cc0087ca9859676d537e48_r.jpg\"/></noscript><img src=\"data:image/svg+xml;utf8,&lt;svg%20xmlns=\'http://www.w3.org/2000/svg\'%20width=\'750\'%20height=\'1334\'&gt;&lt;/svg&gt;\" data-rawwidth=\"750\" data-rawheight=\"1334\" data-size=\"normal\" class=\"origin_image zh-lightbox-thumb lazy\" width=\"750\" data-original=\"https://pic1.zhimg.com/89d3903c19cc0087ca9859676d537e48_r.jpg\" data-actualsrc=\"https://pic1.zhimg.com/89d3903c19cc0087ca9859676d537e48_b.jpg\"/></figure><p><br/></p><p><br/>2016-1-21更:<br/>因为一个键盘回答，突然认识了好多程序员的女朋友。说实话蛮感动的，大概相同的身份会有相同的感受吧～</p><p>曾经有妹子问我：我不知道我男票天天在电脑前敲敲敲敲什么…看了你的帖子我才稍微明白一点，因为我不太懂互联网…^ ^</p><p>我回答她：他在给你敲一个家。：）</p><p>--------------------<br/>关于很多人提到自己女朋友<br/>其实我觉得女孩子理性消费是很美好很珍贵的品质<br/>包括题主，她也绝对不是舍不得，<br/>用青春年华陪你堆码奋斗的妹子不会在乎为你花几百块钱，<br/>不买机械键盘的原因可能仅仅是：1，不了解。2，怕浪费。<br/>不要随便觉得她舍不得为你付出哦～</p><p>----------2016.6.17----------</p><p>今天睡不着………明天就是婚礼…（婚礼有程序员专桌！）……忍不住翻出来再看了一遍。24k赞，谢谢你们每一个可爱的人。每一条评论我都很感动！我知道珍贵的不是一千多的键盘，是爱和理解。祝你们幸福。：）</p><p><br/></p><figure><noscript><img src=\"https://pic4.zhimg.com/67c142405fb5dedaeb0db2f393dfd0a3_b.jpg\" data-rawwidth=\"1440\" data-rawheight=\"1440\" data-size=\"normal\" class=\"origin_image zh-lightbox-thumb\" width=\"1440\" data-original=\"https://pic4.zhimg.com/67c142405fb5dedaeb0db2f393dfd0a3_r.jpg\"/></noscript><img src=\"data:image/svg+xml;utf8,&lt;svg%20xmlns=\'http://www.w3.org/2000/svg\'%20width=\'1440\'%20height=\'1440\'&gt;&lt;/svg&gt;\" data-rawwidth=\"1440\" data-rawheight=\"1440\" data-size=\"normal\" class=\"origin_image zh-lightbox-thumb lazy\" width=\"1440\" data-original=\"https://pic4.zhimg.com/67c142405fb5dedaeb0db2f393dfd0a3_r.jpg\" data-actualsrc=\"https://pic4.zhimg.com/67c142405fb5dedaeb0db2f393dfd0a3_b.jpg\"/></figure><p><br/></p><p>后续：【图】两年后，HHKB创始人松本先生亲手送了我们一把签名键盘(///▽///)<br/><a href=\"https://zhuanlan.zhihu.com/p/30798882\" class=\"internal\"><span class=\"invisible\">https://</span><span class=\"visible\">zhuanlan.zhihu.com/p/30</span><span class=\"invisible\">798882</span><span class=\"ellipsis\"/></a><br/>感谢大家关爱！</p>', '25', '71', '100', '2018-09-23 00:30:12', null);

-- ----------------------------
-- Table structure for login_ticket
-- ----------------------------
DROP TABLE IF EXISTS `login_ticket`;
CREATE TABLE `login_ticket` (
  `id` int(11) unsigned NOT NULL AUTO_INCREMENT,
  `user_id` int(11) DEFAULT NULL,
  `ticket` varchar(50) DEFAULT NULL,
  `expired` datetime DEFAULT NULL,
  `status` int(11) DEFAULT '1',
  PRIMARY KEY (`id`),
  UNIQUE KEY `ticket` (`ticket`)
) ENGINE=InnoDB AUTO_INCREMENT=55 DEFAULT CHARSET=utf8;

-- ----------------------------
-- Records of login_ticket
-- ----------------------------
INSERT INTO `login_ticket` VALUES ('1', '20', 'd825499e3f5c49a5b3ac141eac368cd4', '2018-09-06 17:43:34', '1');
INSERT INTO `login_ticket` VALUES ('2', '20', 'e8b4feeaa8e741948a8b1e80215e0d53', '2018-09-06 17:47:31', '1');
INSERT INTO `login_ticket` VALUES ('3', '20', '43d63c9d59524cb289322a37ed341c0d', '2018-09-06 19:51:42', '1');
INSERT INTO `login_ticket` VALUES ('4', '21', '03c27ad9ace645c18c7f6ec058c7bcfc', '2018-09-06 20:01:03', '1');
INSERT INTO `login_ticket` VALUES ('5', '20', 'fc0957dbf73e4b5fbed24a748d13716d', '2018-09-06 20:03:15', '1');
INSERT INTO `login_ticket` VALUES ('6', '20', 'ac36efabd6e3404a8bf51b85b06c8dfe', '2018-09-06 20:05:21', '1');
INSERT INTO `login_ticket` VALUES ('7', '20', '365ad7888bc24f02ac4c60a650cfc3c1', '2018-09-06 20:10:39', '1');
INSERT INTO `login_ticket` VALUES ('8', '20', '6a075c685fc14a148ef5013d729853da', '2018-09-06 20:10:57', '1');
INSERT INTO `login_ticket` VALUES ('9', '20', 'df67972d641943148daa0fa240bbbb15', '2018-09-06 20:11:08', '0');
INSERT INTO `login_ticket` VALUES ('10', '20', '394b9711e37b458e8a5001f12170db04', '2018-09-07 09:38:12', '1');
INSERT INTO `login_ticket` VALUES ('11', '20', 'd299b1424bc54633bf614e8036bf374a', '2018-09-22 09:20:13', '1');
INSERT INTO `login_ticket` VALUES ('12', '20', '576d0047ee7846a2ad44e209431a1dc5', '2018-09-22 10:04:37', '1');
INSERT INTO `login_ticket` VALUES ('13', '20', 'b726abb5df73471ea7aa3d935fff0e86', '2018-09-22 10:05:43', '1');
INSERT INTO `login_ticket` VALUES ('14', '20', '959eb7fc225e4565b74181cda6a1745b', '2018-09-22 10:13:25', '1');
INSERT INTO `login_ticket` VALUES ('15', '20', 'cc4a66e7f3fc402b947d83f1138df8e7', '2018-09-22 10:25:02', '1');
INSERT INTO `login_ticket` VALUES ('16', '20', '143383ff38054f58b69755e25adba2eb', '2018-09-22 10:36:29', '1');
INSERT INTO `login_ticket` VALUES ('17', '21', 'cab5789998cc491cb267f9b9ce40b4b2', '2018-09-22 11:04:01', '1');
INSERT INTO `login_ticket` VALUES ('18', '20', '007f4c9f20264cd0823fb0ab600d036a', '2018-09-22 11:10:21', '1');
INSERT INTO `login_ticket` VALUES ('19', '20', '331b4ea6861a4d368e5971baa91bc958', '2018-09-22 11:11:43', '1');
INSERT INTO `login_ticket` VALUES ('20', '20', '17c2cf5550ea4e138aec6ba414a91566', '2018-09-22 11:12:00', '0');
INSERT INTO `login_ticket` VALUES ('21', '20', 'cd417ca476974055969410e2ff3b6b18', '2018-09-22 11:15:53', '1');
INSERT INTO `login_ticket` VALUES ('22', '20', '0b47f2352b5b405bbf4f66edb92eba34', '2018-09-22 11:45:33', '0');
INSERT INTO `login_ticket` VALUES ('23', '20', '9166da39aa4a435ab35f1b8b5418bc15', '2018-09-22 11:45:45', '0');
INSERT INTO `login_ticket` VALUES ('24', '20', '03a2cabe24c54d359b8161f68a1be588', '2018-09-22 13:33:26', '1');
INSERT INTO `login_ticket` VALUES ('25', '20', '144334a7b3c04f7297fae48271f45710', '2018-09-22 13:34:01', '1');
INSERT INTO `login_ticket` VALUES ('26', '20', '07e9791bdcef48dea8cbc9c0cae9048a', '2018-09-22 13:34:07', '0');
INSERT INTO `login_ticket` VALUES ('27', '20', 'b6584603ec784bfdb4582aa852914586', '2018-09-22 18:48:42', '0');
INSERT INTO `login_ticket` VALUES ('28', '22', 'a68a57f7c4fa41d2b501adf41ca57367', '2018-09-24 07:46:03', '0');
INSERT INTO `login_ticket` VALUES ('29', '20', 'a23cf2c9aa634616a94bc9babd136792', '2018-09-24 08:17:39', '0');
INSERT INTO `login_ticket` VALUES ('30', '21', 'b5eab35022544d88b73ab59836f79b48', '2018-09-24 13:42:42', '0');
INSERT INTO `login_ticket` VALUES ('31', '20', '92ebc15d91c74c1bb801916f94ab15dd', '2018-09-24 14:12:56', '0');
INSERT INTO `login_ticket` VALUES ('32', '20', '953f6a35129949b19bdad754100f26b2', '2018-09-25 00:20:09', '0');
INSERT INTO `login_ticket` VALUES ('33', '21', '24e67518eaeb45cc8d68d9354fbe58ed', '2018-09-25 00:38:36', '0');
INSERT INTO `login_ticket` VALUES ('34', '20', '8a7cb178cc6e4dc190b578d5e9de9c20', '2018-09-25 08:32:29', '0');
INSERT INTO `login_ticket` VALUES ('35', '21', 'c53b3ac4838542f48d12546935ccf922', '2018-09-25 09:20:22', '0');
INSERT INTO `login_ticket` VALUES ('36', '23', '5f2d65b2b87148108b3d4d3357bcdbcd', '2018-09-25 09:27:45', '0');
INSERT INTO `login_ticket` VALUES ('37', '21', '02f6fd367d04448dabe57a97d0d3b762', '2018-09-25 10:03:26', '0');
INSERT INTO `login_ticket` VALUES ('38', '21', 'c3ffae1c1f6843ec996190ddd6f04293', '2018-09-25 10:04:16', '0');
INSERT INTO `login_ticket` VALUES ('39', '21', 'fdd276e080f1421ca88cad8bb1cde1d6', '2018-09-25 10:05:35', '1');
INSERT INTO `login_ticket` VALUES ('40', '21', '9c2c0b7a1c734c2f960f7a54792134e0', '2018-09-25 10:08:12', '0');
INSERT INTO `login_ticket` VALUES ('41', '23', '60cb7f71553148c38644622da1716f8a', '2018-09-25 10:09:48', '0');
INSERT INTO `login_ticket` VALUES ('42', '21', 'd5dd75bfd9df4724acf7f3abd1641e9d', '2018-09-25 10:11:36', '1');
INSERT INTO `login_ticket` VALUES ('43', '21', '3a4cba6b987042faba3d0e70b2fd50e9', '2018-09-25 10:16:31', '1');
INSERT INTO `login_ticket` VALUES ('44', '23', 'e3e81edd198544798ebd39cb48f5d5ac', '2018-09-25 10:17:36', '1');
INSERT INTO `login_ticket` VALUES ('45', '24', '2a6ba60a27af455ea9381958b4f88599', '2018-09-25 12:53:08', '0');
INSERT INTO `login_ticket` VALUES ('46', '23', 'ede4b44710ce4382bc1bca825e5bbec8', '2018-09-25 14:23:43', '1');
INSERT INTO `login_ticket` VALUES ('47', '21', '5c03360642704e0eb61e5bbf7c321fa1', '2018-09-25 14:25:26', '0');
INSERT INTO `login_ticket` VALUES ('48', '25', '7bc29cb6b4114b4486b08e1379001822', '2018-09-26 16:36:26', '0');
INSERT INTO `login_ticket` VALUES ('49', '23', '180ecf71d87344d980d24d459292680b', '2018-09-26 22:02:32', '1');
INSERT INTO `login_ticket` VALUES ('50', '23', '2240cdf342304f8fa41b77266c6b3f35', '2018-09-27 13:57:56', '0');
INSERT INTO `login_ticket` VALUES ('51', '27', '530b814d7ba44a3e863fdf0f748d3ebf', '2018-09-28 22:55:15', '0');
INSERT INTO `login_ticket` VALUES ('52', '21', '315b21f7aa544457aee604b852dc89d0', '2018-10-01 13:04:06', '1');
INSERT INTO `login_ticket` VALUES ('53', '23', '3c7e78e30899496d9519541b448d55ed', '2018-10-03 12:39:36', '0');
INSERT INTO `login_ticket` VALUES ('54', '21', 'febb1045935e469abd1f6fdbc03546d1', '2018-10-03 12:57:29', '0');

-- ----------------------------
-- Table structure for message
-- ----------------------------
DROP TABLE IF EXISTS `message`;
CREATE TABLE `message` (
  `id` int(10) unsigned NOT NULL AUTO_INCREMENT,
  `from_id` int(11) DEFAULT NULL,
  `to_id` int(11) DEFAULT NULL,
  `content` text,
  `has_read` int(11) DEFAULT NULL,
  `conversation_id` varchar(45) DEFAULT NULL,
  `created_date` datetime DEFAULT NULL,
  PRIMARY KEY (`id`),
  KEY `conversation_index` (`conversation_id`),
  KEY `created_date` (`created_date`)
) ENGINE=InnoDB AUTO_INCREMENT=46 DEFAULT CHARSET=utf8;

-- ----------------------------
-- Records of message
-- ----------------------------
INSERT INTO `message` VALUES ('1', '20', '21', '小明，你在吗，我有个关于***的事情想问你，你怎么看？给我解答一下拜托了。', '1', '20_21', '2018-09-09 13:10:44');
INSERT INTO `message` VALUES ('2', '20', '21', '你怎麽不回復我消息啊，我生氣了。', '1', '20_21', '2018-09-09 13:32:23');
INSERT INTO `message` VALUES ('3', '21', '20', '知道了，有時間再和你私聊', '1', '20_21', '2018-09-09 13:45:01');
INSERT INTO `message` VALUES ('4', '21', '23', '等下私聊我，记得。', '1', '21_23', '2018-09-10 09:32:21');
INSERT INTO `message` VALUES ('5', '21', '23', '怎么还没回复我？', '1', '21_23', '2018-09-10 09:32:43');
INSERT INTO `message` VALUES ('6', '2', '23', '用户 小军 赞了你的评论, http://127.0.0.1:8080/question/20', '1', '2_23', '2018-09-10 13:56:39');
INSERT INTO `message` VALUES ('7', '2', '23', '用户 小军 赞了你的评论, &lt;a href=&quot;http://127.0.0.1:8080/question/20&quot;&gt;点击查看&lt;/a&gt;', '1', '2_23', '2018-09-10 14:13:48');
INSERT INTO `message` VALUES ('8', '2', '23', '用户 小军 赞了你的评论, <a href=\"http://127.0.0.1:8080/question/20\">点击查看该问题</a>', '1', '2_23', '2018-09-10 14:16:13');
INSERT INTO `message` VALUES ('9', '2', '23', '用户 小明 赞了你的评论, <a href=\"http://127.0.0.1:8080/question/20\">点击查看该问题</a>', '1', '2_23', '2018-09-10 14:25:31');
INSERT INTO `message` VALUES ('10', '23', '21', '知道啦', '1', '21_23', '2018-09-10 16:26:12');
INSERT INTO `message` VALUES ('11', '3', '21', '用户 小军 关注了您, <a href=\"http://127.0.0.1:8080/user/23\">点击查看该用户主页</a>', '1', '3_21', '2018-09-11 18:34:36');
INSERT INTO `message` VALUES ('21', '3', '21', '用户 小军 关注了您, <a href=\"http://localhost:8080/user/23\">点击查看该用户主页</a>', '1', '3_21', '2018-09-11 22:10:38');
INSERT INTO `message` VALUES ('23', '3', '21', '用户 小军 关注了您的问题, null <a href=\"http://localhost:8080/question/12\">点击查看</a>', '1', '3_21', '2018-09-11 22:18:06');
INSERT INTO `message` VALUES ('24', '3', '21', '用户 小军 关注了您的问题, null <a href=\"http://localhost:8080/question/12\">点击查看</a>', '1', '3_21', '2018-09-11 22:19:14');
INSERT INTO `message` VALUES ('25', '3', '21', '用户 小军 关注了您的问题, 爲什麽我打的字都是繁體字 <a href=\"http://localhost:8080/question/12\">点击查看</a>', '1', '3_21', '2018-09-11 22:20:01');
INSERT INTO `message` VALUES ('26', '3', '21', '用户 小军 关注了您的问题, 爲什麽我打的字都是繁體字 <a href=\"http://localhost:8080/question/12\">点击查看</a>', '1', '3_21', '2018-09-11 22:42:05');
INSERT INTO `message` VALUES ('27', '3', '21', '用户 小军 关注了您的问题 \" 爲什麽我打的字都是繁體字 \" <a href=\"http://localhost:8080/question/12\">点击查看</a>', '1', '3_21', '2018-09-11 22:42:33');
INSERT INTO `message` VALUES ('28', '3', '23', '用户 小明 关注了您的问题 \" 怎么评价《延禧攻略》中的角色魏璎珞？ \" <a href=\"http://localhost:8080/question/20\">点击查看</a>', '1', '3_23', '2018-09-11 22:43:10');
INSERT INTO `message` VALUES ('29', '3', '21', '用户 小军 关注了您, <a href=\"http://localhost:8080/user/23\">点击查看该用户主页</a>', '1', '3_21', '2018-09-11 23:48:49');
INSERT INTO `message` VALUES ('30', '3', '20', '用户 小军 关注了您, <a href=\"http://localhost:8080/user/23\">点击查看该用户主页</a>', '0', '3_20', '2018-09-12 00:05:30');
INSERT INTO `message` VALUES ('31', '3', '21', '用户 小军 关注了您, <a href=\"http://localhost:8080/user/23\">点击查看该用户主页</a>', '1', '3_21', '2018-09-12 00:05:49');
INSERT INTO `message` VALUES ('32', '3', '20', '用户 小军 关注了您的问题 \" 排名在前 1% 的高中生是靠天赋还是靠努力？ \" <a href=\"http://localhost:8080/question/19\">点击查看</a>', '0', '3_20', '2018-09-12 11:04:27');
INSERT INTO `message` VALUES ('33', '2', '20', '用户 小军 赞了你的评论, <a href=\"http://localhost:8080/question/19\">点击查看该问题</a>', '0', '2_20', '2018-09-12 11:04:30');
INSERT INTO `message` VALUES ('34', '2', '20', '用户 小军 赞了你的评论, <a href=\"http://localhost:8080/question/19\">点击查看该问题</a>', '0', '2_20', '2018-09-12 11:04:32');
INSERT INTO `message` VALUES ('35', '2', '0', '用户 小军 赞了你的评论, <a href=\"http://localhost:8080/question/19\">点击查看该问题</a>', '0', '0_2', '2018-09-12 11:04:32');
INSERT INTO `message` VALUES ('36', '2', '20', '用户 小军 赞了你的评论, <a href=\"http://localhost:8080/question/19\">点击查看该问题</a>', '0', '2_20', '2018-09-12 11:04:34');
INSERT INTO `message` VALUES ('37', '3', '20', '用户 小军 关注了您的问题 \" 在正式场合穿着正装如何避免被当做服务员？ \" <a href=\"http://localhost:8080/question/3\">点击查看</a>', '0', '3_20', '2018-09-12 13:20:39');
INSERT INTO `message` VALUES ('38', '2', '21', '用户 小军 赞了你的评论, <a href=\"http://localhost:8080/question/20\">点击查看该问题</a>', '0', '2_21', '2018-09-12 13:24:08');
INSERT INTO `message` VALUES ('39', '3', '21', '用户 小军 关注了您, <a href=\"/user/23\">点击查看该用户主页</a>', '0', '3_21', '2018-09-18 12:41:42');
INSERT INTO `message` VALUES ('40', '3', '21', '用户 小军 关注了您, <a href=\"/user/23\">点击查看该用户主页</a>', '0', '3_21', '2018-09-18 12:43:43');
INSERT INTO `message` VALUES ('41', '3', '21', '用户 小军 关注了您, <a href=\"/user/23\">点击查看该用户主页</a>', '0', '3_21', '2018-09-18 12:45:06');
INSERT INTO `message` VALUES ('42', '2', '21', '用户 小军 赞了你的评论, <a href=\"/question/11\">点击查看该问题</a>', '0', '2_21', '2018-09-18 12:49:12');
INSERT INTO `message` VALUES ('43', '2', '21', '用户 小军 赞了你的评论, <a href=\"/question/11\">点击查看该问题</a>', '0', '2_21', '2018-09-18 12:50:14');
INSERT INTO `message` VALUES ('44', '2', '21', '用户 小军 赞了你的评论, <a href=\"/question/11\">点击查看该问题</a>', '0', '2_21', '2018-09-18 12:53:15');
INSERT INTO `message` VALUES ('45', '2', '23', '用户 小明 赞了你的评论, <a href=\"http://117.48.200.9/question/20\">点击查看该问题</a>', '1', '2_23', '2018-09-18 12:57:57');

-- ----------------------------
-- Table structure for question
-- ----------------------------
DROP TABLE IF EXISTS `question`;
CREATE TABLE `question` (
  `id` int(10) unsigned NOT NULL AUTO_INCREMENT,
  `title` varchar(255) DEFAULT NULL,
  `content` text,
  `user_id` int(11) DEFAULT NULL,
  `created_date` datetime DEFAULT NULL,
  `comment_count` int(11) DEFAULT NULL,
  PRIMARY KEY (`id`)
) ENGINE=InnoDB AUTO_INCREMENT=72 DEFAULT CHARSET=utf8;

-- ----------------------------
-- Records of question
-- ----------------------------
INSERT INTO `question` VALUES ('3', '在正式场合穿着正装如何避免被当做服务员？', '怕被当作服务员，可以穿White tie full dress（一般二般的服务员没那么讲究）： 黑色或藏蓝色燕尾服 裤边带有镶边的同样颜色长裤 正装白衬衫 白色腰封 白色蝴蝶领结 黑色袜子 黑色非系带皮鞋 既然你们都说这是服务员标配，那么请告诉我哪家餐厅服务员和领班', '20', '2018-09-06 19:28:01', '2');
INSERT INTO `question` VALUES ('4', '当前凝聚态物理（理论以及实验）有哪些研究热点和难题？', '08年入行，略微有一些了解。以下是我所涉猎的一些08年后的研究重点。本人实验物理出身，理论上不周全和错误之处还请海涵。评论区指出了一些表达不清楚容易误解之处甚至是错误之处，已经一一修改，在此一并感谢。凝聚态领域很大，有一些方面不熟悉或者不了解', '21', '2018-09-06 19:40:37', '2');
INSERT INTO `question` VALUES ('11', '为什么月球上的陨石坑直径很大，但却很浅呢？', '2010.3 据物理学家组织网报道，月球形成后不久，一颗小行星在月球南半球与其相撞，形成一个巨大的陨石坑，它就是目前的南极-艾托肯盆地(SPA)，这个盆地的直径大约是1500英里(2414.01公里)，深度超过5英里(8.05公里)。\r\n\r\n月球表面的坑洞是陨石和彗星撞击形成的。地球上也有些陨石坑，据说科学家计算出来，若是一颗直陉10哩的陨石，以每秒三万哩的速度(等於100万吨黄色炸药的威力)撞到地球或月球，它所穿透的深度应该是直径的四到五倍。', '20', '2018-09-07 10:22:49', '3');
INSERT INTO `question` VALUES ('12', '爲什麽我打的字都是繁體字', '誰能解答一下嗎', '21', '2018-09-07 10:36:59', '3');
INSERT INTO `question` VALUES ('19', '排名在前 1% 的高中生是靠天赋还是靠努力？', '我曾经就读于一所全省前2名的高中（广东省），身边不乏有很多学习极为优秀的学生。他们在高考中能在70万人排进前1% 也就是前7000名。和他们学习在一起之后我发现了个有趣的现象：他们当中有挺多人花费在玩的时间并不比考进前5万名的学生少，甚至更有多。他们却能做到玩的很多，却成绩又很好。通常，当老师提出一个新的知识点时，他们能非常快速的理解和运用，其他学生则需要花费一点时间。考试的试卷设计通常会让普通学生得到60%-75%的分数，优秀的学生得到75-85%，而厉害的学生则能得到85%-90%的分数（理科尤为明显，后面的大题不是靠背书就能解决的）。我觉得，努力能让一个学生成为优秀的学生，可想进入前1%， 除了努力是不是还有其他的因素？\r\n--------------------------------------------------------------------------------------------------------------------------------------------\r\n现有多人提出，会学习，能持续学习，会制定计划这些能力均属于“天赋（如智商）”的体现，大家对此的看法是什么？', '20', '2018-09-07 16:58:27', '4');
INSERT INTO `question` VALUES ('20', '怎么评价《延禧攻略》中的角色魏璎珞？', '这人应该如何评价？传奇一般的存在,也就只能出现在小说里了\r\n\r\n大女主,有光环的人做任何事都对.\r\n\r\n官方给的人设是善良义气又嫉恶如仇的黑莲花.\r\n\r\n但是她之所以讨喜,或者之所以这类三观影响了一批人,原因在于她的幸存\r\n\r\n辱骂皇上,逼问太妃致死,诓骗贵妃......', '23', '2018-09-10 09:53:30', '2');
INSERT INTO `question` VALUES ('21', '既然所有的生命都要死亡，那么生命的意义是什么？', '&ldquo;意义&rdquo;这个词语需要解释', '23', '2018-09-13 16:47:30', '0');
INSERT INTO `question` VALUES ('25', 'PhotoShop 里如何通过图像窗口选择多个图层和复制图层？', '<div class=\"markdown_body\"><p>我用的是 PhotoShop CC ，因为图层分组通常较多。在<strong>图层选项卡组</strong>里通过 Ctrl + 鼠标左键 选择<em>多个不相邻的图层</em> 效率太低，所以请问 PhotoShop 里如何通过<strong>图像窗口</strong>选择多个图层？<br /><br />\n同理，请问 PhotoShop 里如何通过<strong>图像窗口</strong>直接复制图层？</p>\n</div>', '20', '2018-09-22 17:41:01', '0');
INSERT INTO `question` VALUES ('26', 'babel+vue+rollup 集成问题： Unexpected token `<template>`', '<div class=\"markdown_body\"><p>本来一切正常，只是想增加一个 es2017 的语法，加了 babel 就报错。问题复现： <a href=\"https://coding.net/u/hilojack/p/my-rollup-issue/git\" rel=\"nofollow\">https://coding.net/u/hilojack/p/my-rollup-issue/git</a></p>\n<pre><code>➜ vue$ git:(master) ✗rollup -c -w\n[!] (babel plugin) SyntaxError: /Users/hilojack/www/egg/vue/src/App.vue: Unexpected token (1:0)\nsrc/App.vue (1:0)\nSyntaxError: /Users/hilojack/www/egg/vue/src/App.vue: Unexpected token (1:0)\n&gt; 1 | &lt;template&gt;\n    | ^\n  2 |     &lt;div class=\"container\"&gt;\n  3 |         &lt;div class=\"col-md-6 col-md-offset-3\"&gt;\n  4 |             &lt;h1&gt;Vue TODO App by ahuigo&lt;/h1&gt;\n</code></pre>\n<p>相关配置如下：</p>\n<pre><code>➜ vue$ git:(master) ✗cat src/.babelrc\n{\n  \"presets\": [\n    [\n    \"latest\",\n    { \"es2015\": { \"modules\": false } }\n    ]\n  ],\n  \"plugins\": [\"external-helpers\", \"transform-decorators-legacy\", \"transform-object-rest-spread\",  ],\n}\n➜ vue$ git:(master) ✗cat rollup.config.js\nimport json from \"rollup-plugin-json\";\nimport resolve from \"rollup-plugin-node-resolve\";\nimport commonjs from \"rollup-plugin-commonjs\";\nimport babel from \"rollup-plugin-babel\";\nimport VuePlugin from \"rollup-plugin-vue\";\n\nimport replace from \'rollup-plugin-replace\';\n\nimport uglify from \'rollup-plugin-uglify\';\n//import postcss from \'rollup-plugin-postcss\';\n\nexport default{\n    //input: \"src/main.js\",\n    input: [\"src/index.js\"],\n	output: {\n        format: \"esm\",\n        name: \"myBundle\",\n        dir: \"dist\",\n        //file: \"dist/bundle.js\",\n        paths: {\n            d3: \"https://d3js.org/d3.v4.min\",\n            vue: \"https://cdn.bootcss.com/vue/2.5.17-beta.0/vue.esm.browser.js\",\n        }\n\n	},\n    experimentalCodeSplitting: true,\n    external: [\"lodash\", \"d3\",\"vue\"],\n    watch: {\n        //exclude: [\'node_modules/**\', \'dist/**\',], //default  ignore\n        include: [\'src/**\',\'src/App.vue\'],\n    },\n    plugins:[\n        babel({ exclude: \'node_modules/**\' }),\n        json(),\n        //resolve({ jsnext: true, main: true, browser: true, }),\n        resolve({ browser: true, }),\n        commonjs(),\n        VuePlugin(),\n        replace({\n          exclude: \'node_modules/**\',\n          ENV: JSON.stringify(process.env.NODE_ENV || \'development\'),\n        }),\n        (process.env.NODE_ENV === \'production\' &amp;&amp; uglify()),\n    ],\n};\n</code></pre>\n</div>', '20', '2018-09-22 17:41:21', '0');
INSERT INTO `question` VALUES ('27', '基于 rollup 写了一个零配置的打包工具', '<div class=\"markdown_body\"><p>每次遇见一个新的库，发布在 npm 但是使用在浏览器，就要配置 webpack 一大堆，再起个服务看这个库的效果</p>\n<p>写了工具，入口是一个 html，读取 html 里所有 js css 引用， 直接全部打包这些引用，然后开启一个服务，方便测试 或者调试。没有配置文件。</p>\n<p>这样，直接用 html 引用 index.js</p>\n<p>然后再 js 里 import 就行了</p>\n<p>支持 less sass stylus ts  vue</p>\n<p><a href=\"https://github.com/channg/wakeup\" rel=\"nofollow\">https://github.com/channg/wakeup</a></p>\n</div>', '22', '2018-09-22 17:41:31', '0');
INSERT INTO `question` VALUES ('28', '冷清的节点…献丑来一发视频吧', '<embed src=\"http://www.tudou.com/v/bIqlPc2Cm0Q/\" quality=\"high\" width=\"660\" height=\"420\" align=\"middle\" allowscriptaccess=\"sameDomain\" type=\"application/x-shockwave-flash\"></embed><br /><br />去年做的了。<br /><br />顺道吐槽一下 GarageBand 轨道太少了，捉襟见肘的…', '21', '2018-09-22 17:41:51', '0');
INSERT INTO `question` VALUES ('29', 'iOS 上，电报的联系人是怎么加的？', '我用的是 Telegram X，联系人列表是空的，完全没有匹配系统通讯录，点 “+”号添加联系人，也只是存到系统通讯录，不会出现在电报的联系人，最后没没办法，打开桌面版的电报才添加成功，还不能打电话。', '20', '2018-09-22 17:42:01', '0');
INSERT INTO `question` VALUES ('30', '微信朋友圈聊天记录为什么不能转发给服务号或小程序呢?', '<div class=\"markdown_body\"><p>这不更有利于基于微信的 oa 系统集成吗?</p>\n<p>现在可以转给群聊。</p>\n<p>公众号已经被折叠了，服务号没几个的。</p>\n</div>', '22', '2018-09-22 17:42:11', '0');
INSERT INTO `question` VALUES ('31', '请问用 flask_ sqlalchemy 创建表，如何给表添加 comment 注释呢', '<div class=\"markdown_body\"><p>比如：</p>\n<pre><code>class Users(db.Model):\n    \'\'\'用户表\'\'\'\n    __tablename__ = \'users\'\n    user_id = db.Column(db.Integer, primary_key=True)\n    password = db.Column(db.String(64), unique=True, index=True, comment=\'密码‘)\n</code></pre>\n<p>这张表的注释应该如何设置呢？没有找到相关文档，很初级的问题，抱歉了！</p>\n</div>', '20', '2018-09-22 17:42:32', '0');
INSERT INTO `question` VALUES ('32', '要购买服务器了，请问配置怎么选择？谢谢~', '<div class=\"markdown_body\"><p>领了 1 万的代金券</p>\n<p>请问 CPU 和内存哪个对服务器起到的作用大呢？</p>\n<p>现在网站访问量还小，以后会提升的。</p>\n<p>如果以后到了日访问 1 万 IP，2.5 万 PV，云服务器是买 8 核 8g 的还是买 4 核 16g 的呢？</p>\n<p>我是做淘宝导购网站的，图片都是直接调用淘宝的，用的微擎~</p>\n</div>', '20', '2018-09-22 17:42:42', '0');
INSERT INTO `question` VALUES ('33', 'Csdn 的博客又挂了，写博客写不了', '<div class=\"markdown_body\"><p>有 csdn 的人看看吗 ，，你们的服务又挂了</p>\n</div>', '22', '2018-09-22 17:42:52', '0');
INSERT INTO `question` VALUES ('34', '请问 X10DAI 如何安装 Linux 系统', '<div class=\"markdown_body\"><p>没有集显，用 PNY U 盘做的 ubuntu 启动盘</p>\n<p>若为 PNY U 盘启动，为</p>\n<pre><code>nouveau 0000:01:00.0: fifo: SCHED_ERROR 08[]\n</code></pre>\n<p>若为 UFEI 启动，就一直是黑的</p>\n<p>请问有解决办法么，我发现我连最基本的都驾驭不了，想哭</p>\n</div>', '21', '2018-09-22 17:43:12', '0');
INSERT INTO `question` VALUES ('35', 'GZIDC 新一代数据中心，上面的云服务器怎么样啊', '<div class=\"markdown_body\"><p><a href=\"http://www.gzidc.com\" rel=\"nofollow\">http://www.gzidc.com</a> ， 这个网站上的服务器和虚拟机怎么样啊，靠谱么</p>\n</div>', '22', '2018-09-22 17:43:22', '0');
INSERT INTO `question` VALUES ('36', 'flask-restful 封装接口， ie8/9 下 跨域调用的问题，快被折磨死了。', '<div class=\"markdown_body\"><h2>接口逻辑如下</h2>\n<pre><code>\nfrom flask import Flask, request\nfrom flask_restful import reqparse, abort, Api, Resource\nfrom flask_cors import CORS\n\napp = Flask(__name__)\nCORS(app)\napi = Api(app)\n\nclass Suggest(Resource):\n	#decorators = [check_http_headers, check_request_frequency]\n	def __init__(self):\n		super(SuggestApi, self).__init__()\n		self.parser = reqparse.RequestParser()\n		self.parser.add_argument(\'name\', type=str, required=True, help=\'name 不能空\')\n                self.parser.add_argument(\'age\', type=int, required=True, help=\'age 不能空\')\n		self.args = self.parser.parse_args()\n\n	def post(self):\n    	       name = self.args[\'name\']\n               age = self.args[\'age\']\n               return {\'name\': name, \'age\': age}, 200\n               #return request.data.decode(\'utf-8\')\n\napi.add_resource(Suggest, \'/api/v1/suggest\')\n\nif __name__ == \'__main__\':\n    app.run(debug=True)\n</code></pre>\n<h2>前端测试页面如下(因为不支持 cors 跨域, 所以用了 xdomain request)</h2>\n<pre><code>&lt;!DOCTYPE html&gt;\n&lt;html lang=\"en\"&gt;\n&lt;head&gt;\n	&lt;meta charset=\"UTF-8\"&gt;\n	&lt;title&gt;Document&lt;/title&gt;\n&lt;/head&gt;\n&lt;body&gt;\n	&lt;button&gt;发送 post 请求&lt;/button&gt;\n	&lt;script src=\"https://cdn.bootcss.com/jquery/1.12.4/jquery.min.js\"&gt;&lt;/script&gt;\n	&lt;script src=\"http://cdnjs.cloudflare.com/ajax/libs/jquery-ajaxtransport-xdomainrequest/1.0.3/jquery.xdomainrequest.min.js\"&gt;&lt;/script&gt;\n	&lt;script&gt;\n		$(function() {\n			$(\'button\').on(\'click\',function() {\n				var param = {name:\'test\', age: 25};\n				if(!$.support.cors) {\n					param = JSON.stringify(param);\n				}\n\n				$.ajax(\'http://127.0.0.1:5000/api/v1/suggest\',{\n					type:\'post\',\n					dataType:\'json\',\n					data:param,\n					success:function(resp) {\n						console.log(resp);\n					}\n				})\n			})\n		})\n	&lt;/script&gt;\n&lt;/body&gt;\n&lt;/html&gt;\n</code></pre>\n<h2>测试结果</h2>\n<p>只要用了参数解析<code>reqparse.RequestParser()</code>，并且<code>required=True</code>, 调用接口就是 400 错误；将<code>required=True</code>去掉，虽然不再 400 错误，但并不能在<code>self.args</code>中获取到参数, 测试参数是在<code>request</code>对象里的<code>data</code>属性里面。</p>\n<h2>求助？</h2>\n<p>参数解析帮了很大忙，不想因为兼容 ie8 就不用参数解析了，有什么办法能做到让 ie8 兼容呢？</p>\n</div>', '22', '2018-09-22 17:43:52', '0');
INSERT INTO `question` VALUES ('37', 'Flask 和 前端交互失败, 之前一直是 ok 的, 今天在打开出现问题, 请问是怎么回事?', '<div class=\"markdown_body\"><p>就是一个很简单的交互的例子, 填入 a 和 b 求和 的一个例子, 之前测试的时候是 ok 的, 但是今天点击了计算的按键没有反应不知道是哪里的问题?  也不知道怎么调试求大神简单的指导一下调试的方法。</p>\n<p>而且这个代码载入也很慢。\n<img alt=\"20180111142804\" src=\"http://7xpvdr.com1.z0.glb.clouddn.com/0111142753.png\" /></p>\n<p>完整的测试文件在这里,\n<a href=\"http://7xpvdr.com1.z0.glb.clouddn.com/jstest.rar\" rel=\"nofollow\">完整文件</a></p>\n<p>python 代码:</p>\n<pre><code>from flask import Flask, render_template, request, jsonify\n\napp = Flask(__name__)\n\n\n@app.route(\'/\')\n@app.route(\'/jstest.html\')\ndef index():\n    return render_template(\'jstest.html\')\n\n\n@app.route(\'/addnumber\')\ndef add():\n    print(\'test\')\n    a = request.args.get(\'a\', 0, type=float)\n    b = request.args.get(\'b\', 0, type=float)\n    return jsonify(result=a + b)\n\nif __name__ == \"__main__\":\n    app.run(debug = True)\n\n</code></pre>\n<p>网页代码:</p>\n<pre><code>&lt;!DOCTYPE html&gt;\n  &lt;html lang=\"en\"&gt;\n    &lt;head&gt;\n      &lt;link href=\"http://libs.baidu.com/bootstrap/3.0.3/css/bootstrap.min.css\" rel=\"stylesheet\"&gt;\n      &lt;script src=\"http://ajax.googleapis.com/ajax/libs/jquery/1.9.1/jquery.min.js\"&gt;&lt;/script&gt;\n      &lt;script src=\"http://libs.baidu.com/bootstrap/3.0.3/js/bootstrap.min.js\"&gt;&lt;/script&gt;\n      &lt;script type=text/javascript&gt;\n        $(function() {\n            $(\'#calculate\').click(function(){\n              $.ajax({\n                url: \'/addnumber\',\n                data:{\n                  a: $(\'#a\').val(),\n                  b: $(\'#b\').val()\n                },\n                dataType: \'JSON\',\n                type: \'GET\',\n                success: function(data){\n                    $(\"#result\").html(data.result);\n                }\n                });\n             });\n        });\n  &lt;/script&gt;\n  &lt;/head&gt;\n  &lt;body&gt;\n    &lt;div class=\"container\"&gt;\n      &lt;div class=\"header\"&gt;\n        &lt;h3 class=\"text-muted\"&gt;addNum&lt;/h3&gt;\n      &lt;/div&gt;\n      &lt;hr/&gt;\n      &lt;div&gt;\n      &lt;p&gt;\n    &lt;input type=\"text\" id=\'a\' size=\"5\" name=\"a\"&gt; +\n    &lt;input type=\"text\" id=\'b\' size=\"5\" name=\"b\"&gt; =\n    &lt;span id=\"result\"&gt;?&lt;/span&gt;\n    &lt;p&gt;&lt;button class=\"btn btn-success\" id=\"calculate\"&gt;calculate&lt;/button&gt;\n      &lt;/form&gt;\n      &lt;/div&gt;\n    &lt;/div&gt;\n  &lt;/body&gt;\n&lt;/html&gt;\n\n</code></pre>\n</div>', '22', '2018-09-22 17:44:02', '0');
INSERT INTO `question` VALUES ('38', 'flask web 开发这本书，源码改为 mysql 数据库，发现伪造数据不成功，有 rollback，但是还是不行', '<div class=\"markdown_body\"><p>flask web 开发的新版是用的 fake 来伪造数据，使用 sqlite 的时候是可以的<br />\n部署到 heroku 的 Postgres 时候也还成，有错误提示，但是还是成功输入写入了，我去 heroku 网站看数据库文档，发现免费的不支持回滚，我以为是因为这个，但数据伪造成功，我也就没管什么</p>\n<p>现在我把同样的代码，部署到 Ubuntu 本地的 mysql，发现提示错误，数据也没有伪造成功\n这是错误提示，下面代码已经有错误进行回滚了，不知道为什么还会这样，希望有人可以告知</p>\n<p>应该不是因为数据太多吧，才 50 个</p>\n<pre><code>This Session\'s transaction has been rolled back due to a previous exception during flush. \nTo begin a new transaction with this Session, first issue Session.rollback().\n</code></pre>\n<p>伪造数据的代码</p>\n<pre><code>def users(count=50):\n    fake = Faker(\'zh_CN\')\n    i = 0\n    while i &lt; count:\n        u = User(email=fake.email(),\n                 username=fake.user_name(),\n                 password=\'password\',\n                 confirmed=True,\n                 name=fake.name(),\n                 location=fake.city(),\n                 about_me=fake.text(),\n                 member_since=fake.past_date())\n        db.session.add(u)\n        try:\n            db.session.commit()\n            i += 1\n        except IntegrityError:\n            db.session.rollback()\n</code></pre>\n</div>', '22', '2018-09-22 17:44:12', '0');
INSERT INTO `question` VALUES ('39', '求助, flask 为什么没有接收到 request 事件?', '<div class=\"markdown_body\"><p>我做了一个简单的文件上传的网站, 文件上传之后会生成一个页面显示已经上传的文件,</p>\n<p>现在想做一个删除的功能, 在每个文件名后面加上一个 button, 点击可以删除这个文件。</p>\n<p>我的想法就是用 request 把文件的 id 传上去, id 包括对应的文件名, 然后后端的 flask 处理这个文件就行了。</p>\n<p>html 里面使用了 jinja, 现在的问题我在删除文件的链接里面 delfile print 一个提示, 但是这个提示在点击 button 之后并没有出现也就是说, 这个 delfile 没有走到, 请问是为什么?</p>\n<p>这个是文件名 + button 的 html 代码。</p>\n<pre><code>&lt;ul&gt;\n    {% for file_name, file_url in files.items() %}\n       &lt;li&gt;&lt;a id=\"{{ file_name }}_url\" href=\"{{ file_url }}\"&gt;{{ file_name }}&lt;/a&gt;&amp;emsp;&amp;emsp;\n         &lt;button id=\"{{ file_name }}_btn\" class=\"delbtn\"&gt;删除&lt;/button&gt;&lt;/li&gt;\n    {% endfor %}\n&lt;/ul&gt;\n</code></pre>\n<p>python:</p>\n<pre><code>@app.route(\'/delfile\', methods=[\'GET\', \'POST\'])\ndef delfile():\n    print(\'in delfile\')\n    return \'hello world\'\n\n</code></pre>\n<p>html :</p>\n<pre><code>\n{% extends \"layout.html\" %}\n{% block body %}\n&lt;div&gt;\n  {% if session.logged_in %}\n    &lt;h1&gt;&lt;p&gt;{{ session.cur_username }} 已经登录&lt;/p&gt;&lt;/h1&gt;\n  {% endif %}\n  &lt;br /&gt;\n&lt;/div&gt;\n\n&lt;div&gt;\n  &lt;h2&gt;已经使用的空间 &lt;b&gt;{{ used_space }}&lt;/b&gt;&lt;/h2&gt;\n&lt;/div&gt;\n&lt;br /&gt;\n&lt;div&gt;\n  &lt;form method=post enctype=multipart/form-data&gt;\n       &lt;input type=file name=file&gt;\n       &lt;input type=submit value=上传&gt;\n  &lt;/form&gt;\n&lt;/div&gt;\n\n&lt;div&gt;\n  &lt;br /&gt;&lt;br /&gt;\n&lt;/div&gt;\n\n&lt;ul&gt;\n    {% for file_name, file_url in files.items() %}\n       &lt;li&gt;&lt;a id=\"{{ file_name }}_url\" href=\"{{ file_url }}\"&gt;{{ file_name }}&lt;/a&gt;&amp;emsp;&amp;emsp;\n         &lt;button id=\"{{ file_name }}_btn\" class=\"delbtn\"&gt;删除&lt;/button&gt;&lt;/li&gt;\n    {% endfor %}\n&lt;/ul&gt;\n\n{% endblock %}\n\n&lt;script type=text/javascript&gt;\n  $(function() {\n      $(\'.delbtn\').click(function(){\n        $.ajax({\n          url: \'/delfile\',\n          data:{\n            filename: this.id\n          },\n          dataType: \'JSON\',\n          type: \'GET\',\n          success: function(data){\n              $(\"#result\");\n          }\n          });\n       });\n  });\n&lt;/script&gt;\n\n</code></pre>\n</div>', '21', '2018-09-22 17:44:22', '0');
INSERT INTO `question` VALUES ('40', '为什么 flask 里面用 id 无法提交表单内容?', '<div class=\"markdown_body\"><p>解决办法我找到了, 就是用 name 提交而不是 id, 但是为什么 id 无法提交表单?\n<a href=\"https://stackoverflow.com/questions/14063423/flask-receiving-empty-forms\" rel=\"nofollow\">https://stackoverflow.com/questions/14063423/flask-receiving-empty-forms</a></p>\n<p><img alt=\"20180201211943\" src=\"http://7xpvdr.com1.z0.glb.clouddn.com/0201211937.png\" /></p>\n</div>', '20', '2018-09-22 17:44:42', '0');
INSERT INTO `question` VALUES ('41', 'flask 运行的时候如何直接打开一个链接?', '<div class=\"markdown_body\"><p>就是比如在这个窗口之后</p>\n<p><img alt=\"20180130112133\" src=\"http://7xpvdr.com1.z0.glb.clouddn.com/0130112124.png\" /></p>\n<p>我想让浏览器直接打开一个网页比如, 127.0.0.1</p>\n</div>', '21', '2018-09-22 17:44:52', '0');
INSERT INTO `question` VALUES ('42', 'R710， DL380 G7 这代的二手服务器当作公司的生产环境服务器可用性靠谱吗？', '全新的服务器太贵了，2、3 万一台买新的估计只能买到双 E5-26xx+8 ～ 16G 内存+两三个 600G SAS 硬盘这个配置吧，某宝上二手买的戴尔 R710，惠普 DL380G7， 配的是 2 颗 E5640，一台 72G 内存（ 4G x 18 条插槽配满），一台 144G 内存（ 8G x 18 条满配），硬盘 6 ～ 8 块 300G SAS 做的 RAID1。放家里开了 3 个多月吧，配 4G 内存那台出过 3，4 次内存多比特校验错误，CentOS7 直接死机前面板 LED 报警，其它没有出现过问题，无空调散热，就放着。。\r<br />  现在正好创业，托管到机房 2U 都是 1 付 1 万左右起吧，杭州上海这边，小成本创业只能想着拉条电信静态 IP 的宽带接着服务器，或者国外直接弄个 VPS，自己的业务用国内 VPS 月付还是太贵。&#13;<br />  到时候硬盘都做 RAID1，内存其实也可以做 Mirroring （相当于 RAID1 ），内存容量少一半，但还是够用。就是不知道夏天家里小区会不会停电。。服务器和宽带放到办公室的话工业用电有点贵啊，一台服务器一个月至少 250 度电吧。&#13;<br />  用二手服务器也好几年了，小用用效果还可以，哪位有经验的能科普下吗，为什么全新的服务器那么贵。。', '22', '2018-09-22 17:45:03', '0');
INSERT INTO `question` VALUES ('43', '有没有 BC 网站建设和运维的技术大师', '<div class=\"markdown_body\"><p>有没有 BC 网站建设和服务器运维的技术大师？</p>\n</div>', '21', '2018-09-22 17:45:13', '0');
INSERT INTO `question` VALUES ('44', '求助： Dell FX2 刀片服务器 CMC 黄灯', '刚一通电的时候是绿灯，之后就黄灯\r<br />在模块 Bios 里无论怎么设置 CMC 的 ip 地址，无论是固定的还是 DHCP，都无法 ping 到 CMC', '20', '2018-09-22 17:45:33', '0');
INSERT INTO `question` VALUES ('45', '有一台闲置的 Vultr 日本，搭点什么服务比较有意思呢？', '<div class=\"markdown_body\"><p>梯子已经包年了，文件同步用坚果云了，因此这两者排除掉</p>\n<p>还有别的有意思的服务吗？打算搭来自用或公用的</p>\n</div>', '22', '2018-09-22 17:45:43', '0');
INSERT INTO `question` VALUES ('46', '转手一台小鸟云香港低配服务器，还有两年半有效期', '当时小鸟云双十一活动买的，一时脑抽买了三年，现在觉得配置不够用，但是升级又不太划算，所以想转出去。\r<br />&#13;<br />1 核 1G 1M 带宽，80G SSD 硬盘&#13;<br />&#13;<br />小鸟云在 v 站骂的人比较多，自己使用下来的确有时候会出现网络故障，不过个人使用基本没什么问题，我的博客和一个 日 pv 10w 左右的小站都在上面，网络好像也是 cn2，这点还是挺爽的。&#13;<br />&#13;<br />ping 情况和 unixbench 见下图：&#13;<br />&#13;<br /><img src=\"http://ww4.sinaimg.cn/large/006tNc79gy1ffhnqmb9v6j30lf0id77e.jpg\" class=\"embedded_image\" /> &#13;<br />&#13;<br />半个月到一个月内站点数据迁移完成后可 push，如果有人诚意要的话，联系 QQ：857995137 商谈价格相关事宜，加 Q 请注明来意。&#13;<br />&#13;<br />不知道其他还有什么地方可以转服务器，就在这里发帖了，如果有好心人告诉我其他有什么更好的地方来出服务器的话十分感激。', '22', '2018-09-22 17:45:53', '0');
INSERT INTO `question` VALUES ('47', 'vultr 的日本 IP 突然全球不能 ping 了，其他都正常', '<div class=\"markdown_body\"><p>1.全球 ping 不通， 网站挂了</p>\n<p>2.几个正规企业站</p>\n<p>3.什么情况， TK 回复</p>\n<p>Hello,</p>\n<p>Thank you for your inquiry. We have received reports of similar behavior/performance from your specific geographical region. Our testing to date indicates this is an issue at the regional ISP level, which is 100% outside of our control. All Vultr infrastructure is performing optimally.</p>\n<p>You\'ll need to snapshot your instance and redeploy it if you wish to obtain a new IPv4 address, as we cannot manually assign IPv4 addresses. Please make sure that you set your instance\'s network adapter to DHCP mode before taking the snapshot, as static IP assignments will need to be corrected otherwise. We appreciate your understanding regarding this matter.</p>\n</div>', '21', '2018-09-22 17:46:03', '0');
INSERT INTO `question` VALUES ('48', '抛砖引玉（寻找）网站安全渗透攻城师', '网站安全渗透测试，检测漏洞利用方法，获取权限、熟悉内网，精通攻防方法.\r<br />熟练掌握内网渗透的相关知识,检测漏洞发现和利用方法,有实战渗透经验者优先。&#13;<br />价格：万元起步，一单一结，有意者请联系 QQ30084332 （长期合作，非诚勿扰）', '21', '2018-09-22 17:46:13', '0');
INSERT INTO `question` VALUES ('49', '谷歌免费 300 刀用一年着实不错，台湾直连效果杠杠的！', '<div class=\"markdown_body\"><p>谷歌免费 300 刀用一年着实不错，台湾直连效果杠杠的！</p>\n<p>大家来一起发下感受呗！</p>\n<p>目测台湾彰化的服务器很快。</p>\n</div>', '22', '2018-09-22 17:46:33', '0');
INSERT INTO `question` VALUES ('50', '[美国、韩国、俄罗斯、新加坡、香港 服务器] 行业触底价', ' [海外服务器租用 - 总有一款适合您] \r<br />双至强 5520 16 核 24G 内存 1TB 100M - 550 元 /月&#13;<br />E3-1220v3 4 核 16G 内存 1TB 100M - 650 元 /月&#13;<br />E3-1230v3 8 核 8G 内存 1TB 100M 5IP - 700 元 /月&#13;<br />i5-650 4 核 8G 内存 1TB 10M 5IP - 650 元 /月&#13;<br />E3-1230v2 8 核 8G 内存 1TB 5M 5IP - 800 元 /月&#13;<br />E3-1230v2 8 核 8G 内存 1TB 5M 258IP - 1500 元 /月&#13;<br />&#13;<br />以上是每个数据中心的典型配置；&#13;<br />&#13;<br /> [测试ＩＰ] &#13;<br />洛杉矶： 66.117.9.1 （平均 180ms ）&#13;<br />俄罗斯： 83.217.10.1 （平均 130ms ）&#13;<br />新加坡： 103.200.209.1 （平均 80ms ）&#13;<br />韩国 KT ： 103.199.100.1 （平均 80ms ）&#13;<br />香港 CN2 ： 103.37.0.1 （平均 50ms ）&#13;<br />&#13;<br />详情联系 QQ ： 610000152&#13;<br />&#13;<br />推广员： ftp67213o&#13;<br />&#13;<br />来自 - 云邦互联 （ <a target=\"_blank\" href=\"http://www.yunzz.net/?web\" rel=\"nofollow\">http://www.yunzz.net/?web</a> ）', '21', '2018-09-22 17:46:53', '0');
INSERT INTO `question` VALUES ('51', '你们自用服务器都买什么硬盘？', '<div class=\"markdown_body\"><p>买了个 HP gen8 还在路上，先来取取经，</p>\n<p>打算放到家里放点数据，跑点小服务，简单的数据分析啥的，</p>\n<p>不打算当 NAS 用，所以对硬盘大小需求不大，但是数据还是尽可能保证安全最好了，</p>\n<p>整个预算也不高，是买个相对靠谱点 10k ， 15k 服务器硬盘就行了还是买个普通点的 NAS 硬盘 raid 一下，</p>\n<p>求科普。</p>\n</div>', '20', '2018-09-22 17:47:03', '0');
INSERT INTO `question` VALUES ('52', '没有静态 IP，用的是动态 IP 怎样配置服务器远程登录，听说可以用花生壳，用过吗？', '买了两台服务器，装上了 centos7 ，可是学校坑爹，没有静态 IP 分配，向远程登录该怎么办？求助啊', '22', '2018-09-22 17:47:13', '0');
INSERT INTO `question` VALUES ('53', '服务器距离很近，但是调用服务时间很长是什么原因？', '<div class=\"markdown_body\"><p>由于公司的业务要求，我们需要让两个项目调用同一个服务，服务通过 HTTP 传输，具体情况是这样的：\n项目 A 和项目 B ，同时需要调用 S 服务，其中 A 和 S 位于同一个局域网中， B 是另外的一个局域网，之前 B 是联通托管， A 和 S 都是电信托管，后由于 B 访问 S 时间过长，把 S 的服务映射到了联通的 IP 地址。\n映射之后到现在， B ping S 的地址只需要不到 1ms 。\n但是， A 调用 S 的时候只需要 4~5ms 返回结果，但是 B 调用 S 就需要 100+ms ，有时候甚至到了 200ms 。\n不知道是什么原因，会不会是 IP 地址映射的问题？</p>\n</div>', '20', '2018-09-22 17:47:23', '0');
INSERT INTO `question` VALUES ('54', '[探讨] 关于游戏服务器开发、架构、部署等，大家有什么疑问么？欢迎提问和补充~~', ' [背景说明] \r<br />	在某公司游戏部门工作过几年，非直接的游戏后台开发，但接触过不少游戏，其开发、架构、部署等有一些粗浅的了解。&#13;<br />&#13;<br />  [发帖目的]  &#13;<br />   1.学习：&#13;<br />   2.探讨：市面上常见游戏及开发、架构、运营等方案，分享我所知，学习我所不知，一同探讨并提升。&#13;<br />   3.总结：对自己过去几年工作所接触到和所了解到的做个小结，梳理一下自己的知识结构。&#13;<br />&#13;<br />  [主题涉及] &#13;<br />   1.开发工具、开发流程、服务架构、运营部署等；&#13;<br />   2.其他分享，比如客户端、 web 前端等等主题。&#13;<br />   &#13;<br />楼主会经常上来看看，尝试回答问题；若楼主不了解的话题，尽量请教相关同事了再来完善答案。当然非常欢迎其他大牛帮忙回答和补充。希望可以加深并学习到更多新东西。', '20', '2018-09-22 17:47:33', '0');
INSERT INTO `question` VALUES ('55', 'lnmp 中安装的 wordpress，居然不能上传图片了。', '<div class=\"markdown_body\"><p>显示： The uploaded file could not be moved to wp-content/uploads/2016/12.</p>\n<p>运行： ps -ef|grep php-fpm ， 结果为：\nroot      5653     1  0 01:22 ?        00:00:00 php-fpm: master process (/etc/php-fpm.conf)\napache    5655  5653  0 01:22 ?        00:00:00 php-fpm: pool www\napache    5656  5653  0 01:22 ?        00:00:00 php-fpm: pool www\napache    5657  5653  0 01:22 ?        00:00:00 php-fpm: pool www\napache    5658  5653  0 01:22 ?        00:00:00 php-fpm: pool www\napache    5659  5653  0 01:22 ?        00:00:00 php-fpm: pool www\nec2-user  5687  5528  0 01:23 pts/0    00:00:00 grep --color=auto php-fpm</p>\n<p>已经修改了 sudo vi /etc/php-fpm.d/www.conf 中的 user 和 group 都是 nginx ，重启 php-fpm 和 nginx ，结果居然没改变。\n到底怎么回事啊？ 都快晕了。</p>\n</div>', '22', '2018-09-22 17:47:43', '0');
INSERT INTO `question` VALUES ('56', '小说站， uv 30W,V 友来讨论下如何架构？', '<div class=\"markdown_body\"><p>R.T.</p>\n</div>', '22', '2018-09-22 17:47:53', '0');
INSERT INTO `question` VALUES ('57', 'OS X 下使用 postman 到底怎么续签自己的 HTTPS 证书呢？', '<div class=\"markdown_body\"><p>想要用 postman native 访问 https 的网站，然后找到了这篇教程。</p>\n<p><a href=\"http://blog.getpostman.com/2014/01/28/using-self-signed-certificates-with-postman/%C2%A0and\" rel=\"nofollow\">http://blog.getpostman.com/2014/01/28/using-self-signed-certificates-with-postman/%C2%A0and</a></p>\n<p>大概就是需要把不被信任的证书设置为信任，那么就可以访问 https 了，但是很奇怪，我拖拉下来的证书居然是过期的，所以我根本安装不了。</p>\n<p><img alt=\"\" src=\"http://ww1.sinaimg.cn/large/006HJ39wgy1fethlkfsq6j30ed075mxq.jpg\" /></p>\n<p>据说我可以自己签发证书，所以我找到了这篇文章</p>\n<p><a href=\"http://www.macx.cn/thread-2183761-1-1.html\" rel=\"nofollow\">http://www.macx.cn/thread-2183761-1-1.html</a></p>\n<p>然后成功生成了，安装上去的证书也是有效的。</p>\n<h4>于是我开启 postman ，结果还是报一样的错误，证书显示依然是 2015 年到期的那个..</h4>\n<p>到底要怎么做呢？ (=@__@=)</p>\n</div>', '20', '2018-09-22 17:48:14', '0');
INSERT INTO `question` VALUES ('58', '通过阿里云域名动态解析 IP 地址', '<div class=\"markdown_body\"><p>这两天在家里用树莓派折腾了一个家用服务器，主要用来做 mac 的 Time Machine ，还有就是当做下载机和 nas ，想着平时上班时间家里没人用网络，空着也是空着，就可以利用空闲带宽下个美剧啥的。所以在服务器上装了个远程迅雷和 transmission ，这些网上教程一大把，跟着教程做很快就能搞好。</p>\n\n<p>但是我遇到的问题就是，家用的宽带不是固定 IP 的，如果路由器断个网重新连接就会被分配到不同的 ip ，一旦 ip 换了那就没办法通过外网连接到服务器上了。之前也尝试过在路由器上绑定花生壳，但是实际使用效果不是很好，不是很清楚花生壳的动态更新机制，好几次家里网络已经更新了 ip 但是花生壳那边没有及时更新。</p>\n\n<p>花生壳的方案不行，那就只有找别的方法了。同时我顺便了解了下花生壳能够动态解析域名的原因，原来使用的是 DDNS 服务，关于 DDNS ，网上的解释是：</p>\n\n<blockquote>\n<p>DDNS （ Dynamic Domain Name Server ）是动态域名服务的缩写。<br />\nDDNS 是将用户的动态 IP 地址映射到一个固定的域名解析服务上，用户每次连接网络的时候客户端程序就会通过信息传递把该主机的动态 IP 地址传送给位于服务商主机上的服务器程序，服务器程序负责提供 DNS 服务并实现动态域名解析。  --<a target=\"_blank\" rel=\"nofollow\" href=\"http://baike.baidu.com/link?url=BphVewluKSF12ku25AU-xwrj9oJGfVyk7clVl8vvwCiOa_x143KWzGxM9a8HQxBwwNa7Oduza1err3BHoWzE5q\">百度百科</a></p>\n</blockquote>\n\n<p>这不正是我需要的功能么，正好我自己也有域名，我的域名是在阿里云上注册的，所以我就去阿里云上看有没有提供动态域名解析服务，果不其然在网站上找到了<a target=\"_blank\" rel=\"nofollow\" href=\"https://help.aliyun.com/document_detail/dns/api-reference/record-related/UpdateDomainRecord.html\">修改解析记录</a>的 api 文档。</p>\n\n<p>由于我比较擅长的是 java(其实也是唯一擅长的），所以我下了他们的 JAVA SDK ，申请好<a target=\"_blank\" rel=\"nofollow\" href=\"https://ak-console.aliyun.com/#/accesskey\">Access Key</a> 很快就接入成功了，但是感觉在 Linux 服务器上用 Java 来执行更新好像是件很 Low 的事，正常的使用方式应该用脚本才对啊。正好最近我在自学 Phthon ，所以顺便边学边做用 python 脚本来实现吧。</p>\n\n<p>好啦，以上的都是废话，下面的才是正题。</p>\n\n<h2></h2>\n\n<p>1.首先你得有个阿里云的域名</p>\n\n<p>2.到阿里云管理控制台申请<a target=\"_blank\" rel=\"nofollow\" href=\"https://ak-console.aliyun.com/#/accesskey\">Access Key</a></p>\n\n<p>3.下载<a target=\"_blank\" rel=\"nofollow\" href=\"https://help.aliyun.com/document_detail/dns/sdk/sdk.html?spm=5176.docdns/simple-intruduction/gaishu.6.195.frXYm1\">Python sdk</a>,SDK 主要帮我们封装好了一些数据格式转换和对接的方法，能够方便我们快速接入，当然如果你足够牛逼的话，你也完全可以全部自己写。</p>\n\n<p>4.进行接入操作。我的主要思路是运行该脚本的时候先去阿里云获取域名绑定的 ip 地址，再跟<br />\n当前服务器 ip 地址做对比，如果 ip 相同则说明没改变，不需要操作。如果 ip 不同则修改域名绑定的 ip 地址。</p>\n\n<p>5.服务器部署。在服务器上通过 corntab 设置一项定时计划，让服务器定期执行该脚本。 linux 设置定时计划命令：</p>\n\n<blockquote>\n<p>crontab -e</p>\n</blockquote>\n\n<p>几个注意点：</p>\n\n<p>1.请记得保管好你的 Access Key ，所以我没有在我的代码里直接写 Access Key Id 和 Access Key Secret ，我把他们单独放在一个 key.json 文件中，同时将这个文件排除出 git ，保证只有我自己知道，因为一旦这两个值泄露了那别人就可以直接修改你的域名了。</p>\n\n<p>2.阿里云通过 RecordId 来区分每条域名解析记录，但是他们之前文档上对于这个参数的描述只写了“解析记录的 ID ”，没有写如何获取这条解析记录 ID ，我去我的阿里云控制台上找了好久都没找到，到后来我突然想到 sdk 上有获取域名信息的 api ，我试着用这个果然返回的信息里有这个字段，后来联系了他们客服，他们也说在控制台上没办法找到，也只有通过 api 获取域名信息才能找到，后来他们也在文档中注明了这个字段的获取方式。</p>\n\n<p>3.更新域名解析主要用到的是阿里云 sdk 包里 aliyun/api/rest/Dns20150109UpdateDomainRecordRequest.py 方法，我为了偷懒直接在这个方法里写死了一些需要固定传入的参数，如果你要对自己的域名做解析的话记得去修改这些参数值。</p>\n\n<p>4.我已经把这个项目发到 github 上，欢迎有需要的使用，同时也欢迎一起交流，<a target=\"_blank\" rel=\"nofollow\" href=\"https://github.com/Mickyxing/aliyundns\">github 地址</a></p>\n</div>', '21', '2018-09-22 17:48:23', '0');
INSERT INTO `question` VALUES ('59', '公司很多 windows 服务器中毒了怎么办？', '<div class=\"markdown_body\"><p>公司是用 java1.6 + tomcat6+windows(2003,2008,win7) 做服务器，被人入侵了。数据可能已经被偷走了。可能还有很多电脑被感染。怎么做后续的防护？</p>\n</div>', '20', '2018-09-22 17:48:33', '0');
INSERT INTO `question` VALUES ('60', '谁可以介绍几个小众的国外服务器供应商吗？或者那些人一般在哪些地方推广他们的服务器', '朋友想买 3 台国外服务器，但是不想通过国内的代理，而是直接和国外供应商谈。', '20', '2018-09-22 17:48:53', '0');
INSERT INTO `question` VALUES ('61', 'digitalocean 服务器启动不了，官网维护？', '服务器突然宕机了，在网页关机掉之后一直无法启动。有人遇到过类似情况吗？\r<br />然后现在官网好像也进不去了，一直显示在维护', '21', '2018-09-22 17:49:04', '0');
INSERT INTO `question` VALUES ('62', '[日本/大阪] IDC 托管预购优惠 bundle', '<div class=\"markdown_body\"><p>之前发了一个帖子，不过信息略过期，所以重新发一个啦。</p>\n<p>这次是预购优惠，设备准备好的情况下最快可以工作日当天上架。</p>\n<ul>\n<li>\n<p>套餐内容</p>\n<ul>\n<li>10U 机柜空间，每台机器最大 3U</li>\n<li>1kVA 电力（大约 5A @ 200V ）</li>\n<li>100Mbps dedicated uplink</li>\n<li>$1200/mo @ 1 yr contract</li>\n</ul>\n</li>\n<li>\n<p>其他</p>\n<ul>\n<li>日本大阪机房，位于大阪市中心地带（大阪市浪速区），门禁卡+静脉认证+密码，上联运营商：\n<ul>\n<li>NTT</li>\n<li>KDDI</li>\n<li>SoftBank</li>\n<li>K-Opticom (主要走 IIJ)</li>\n</ul>\n</li>\n<li>每个月包含工作日内 1 小时的免费 remote hands ，机房可直接提供 7x24 onsite 响应，费用是 $250/hr</li>\n<li>每台机器有 $50 的 setup fee ，包含：硬件测试、系统安装（商业系统请自备授权）、运输到机房并上架以及后续的垃圾处理</li>\n<li>可以广播 ASN/IP Prefixes ，支持 IPv6 。如果要广播 ASN 需要客户自行准备 L3 switch 或者支持 BGP 的路由器，否则会额外收取一定的费用，详情请联系</li>\n<li>可选 ACL 服务，在机房 edge router 过滤掉异常流量。此项服务的价格是 $200/rule/mo ，首次 setup fee 免除，后续每次更改有 $50 的 setup fee</li>\n<li>免费提供导轨和电源线（通常的日本机房是收费的</li>\n</ul>\n</li>\n</ul>\n<p>优惠数量有限，售完即止。</p>\n<p>测速 <code>http://103.88.45.10/100M.test</code></p>\n<p>有兴趣的话请联系 <code>phoenix at cat dot net</code></p>\n<p>最后===</p>\n<ol>\n<li>日本机房业务是由日本实体公司运营，不放心的话欢迎来大阪办公室做客，我们有カルピス恭候。</li>\n<li>谁都不能保证海外的链路不会爆炸，谁也不知道什么时候汉光又会被挖断了(´・ω・｀)机房的链路是 MIRO 自动优化的，所以日常海外链路爆炸的话一会儿就会恢复。当然光缆断了这种事...我能怎么样我也很绝望啊摔</li>\n<li>说是这么说，至少在机房方面我们是可以签 100% uptime powersupply + 99.9% uptime network SLA 的。</li>\n<li>机房托管服务需要有效的企业法人资质证明，如果没有的话需要个人的护照扫描件。</li>\n</ol>\n</div>', '21', '2018-09-22 17:49:15', '0');
INSERT INTO `question` VALUES ('63', '转让手里的 gen8', '<div class=\"markdown_body\"><p>去年年底自己海淘了一个 gen8(淘宝代购),</p>\n<p><a href=\"https://www.v2ex.com/t/318389\" rel=\"nofollow\">https://www.v2ex.com/t/318389</a></p>\n<p>原配是 4G 内存，然后咸鱼上买了一个同款 4G(也是别人新买的)组了 8G 内存。</p>\n<p>买了两个 2T 希捷企业版组 raid1 ：\n<a href=\"https://item.jd.com/929438.html\" rel=\"nofollow\">https://item.jd.com/929438.html</a></p>\n<p>原本打算买来做一些和数据相关的工作的，区块链和股票量化等，</p>\n<p>现在由于工作的变更有免费的云可以用，所以打算出掉这台机器，</p>\n<p>这台机器已经拔电源一个多月了。</p>\n<p>有兴趣的可以出个价，合适就出。</p>\n<p>(为啥找不到二手交易的节点？)</p>\n</div>', '22', '2018-09-22 17:49:24', '0');
INSERT INTO `question` VALUES ('64', '请问下那里的服务器比较好？', '<div class=\"markdown_body\"><p>阿里云，西部数码， Godaddy ， linode ， vultr ， conoha ， <a href=\"http://vps.net\" rel=\"nofollow\">vps.net</a>,阿里云国际版， DigitalOcean ， ramhost ， mediatemplet, bluemix ， SugarHosts</p>\n<p>大家觉得以上所述那个比较好，性价比高，支持 paypal 或国内信用卡，客服方便</p>\n<p>我用了做个人博客， linode 我用了不知道怎么回事，扣了 25 美刀，然后准备换一个服务商</p>\n</div>', '21', '2018-09-22 17:49:34', '0');
INSERT INTO `question` VALUES ('65', '不要慌，注册链接注册的可以用 Digitalocean 的 50$券', '<div class=\"markdown_body\"><p>一直听人说用注册链接注册的虽然多了 10$但是用不了 50$的券了，因小失大。。。所以刚才特地问了下客服，这是客服给的答案。\n<br /><br /><br /><br /><br />\n<img src=\"http://a2.qpic.cn/psb?/V13d5Jj03JZOmr/3rmZP0JBzGB2jIbg29I2gtegY4NIa4WKZyYI8jpcT5E!/b/dIQBAAAAAAAA&amp;bo=RgMKA0YDCgMDCSw!&amp;rf=viewer_4\" />\n<br /><br /><br /><br /><br />\n如果你要是用不了，别说了，找客服，他一定会帮你解决。。</p>\n</div>', '20', '2018-09-22 17:49:44', '0');
INSERT INTO `question` VALUES ('66', '如何看待 36 岁清华毕业 IT 男马桶上猝死，死前对母亲说「太累」？', '相关新闻：<a href=\"https://link.zhihu.com/?target=http%3A//news.ifeng.com/a/20150407/43494519_0.shtml\" class=\" wrap external\" target=\"_blank\" rel=\"nofollow noreferrer\">36岁清华毕业IT男马桶上猝死 死前对妈妈说“太累了”</a> 相关问题：<a href=\"http://www.zhihu.com/question/22937279\" class=\"internal\">都说程序员工作只能做到35岁，是这样的么？那么之后的路是怎么走的呢? - 程序员修养</a>', '23', '2018-09-23 00:22:10', '1');
INSERT INTO `question` VALUES ('67', '编程到底难在哪里？', '各种语言就好比文字，编程的过程就是用文笔书写诗篇，假设对于语言的应用已经十分透彻了，那么编程的难点在哪里？ 在使用的思路，还是各种算法，还是以人脑却用电脑的方式思考问题？', '20', '2018-09-23 00:24:48', '1');
INSERT INTO `question` VALUES ('68', '如何看待 36 岁清华毕业 IT 男马桶上猝死，死前对母亲说「太累」？', '相关新闻：<a href=\"https://link.zhihu.com/?target=http%3A//news.ifeng.com/a/20150407/43494519_0.shtml\" class=\" wrap external\" target=\"_blank\" rel=\"nofollow noreferrer\">36岁清华毕业IT男马桶上猝死 死前对妈妈说“太累了”</a> 相关问题：<a href=\"http://www.zhihu.com/question/22937279\" class=\"internal\">都说程序员工作只能做到35岁，是这样的么？那么之后的路是怎么走的呢? - 程序员修养</a>', '23', '2018-09-23 00:29:41', '1');
INSERT INTO `question` VALUES ('70', '编程到底难在哪里？', '各种语言就好比文字，编程的过程就是用文笔书写诗篇，假设对于语言的应用已经十分透彻了，那么编程的难点在哪里？ 在使用的思路，还是各种算法，还是以人脑却用电脑的方式思考问题？', '22', '2018-09-23 00:30:02', '1');
INSERT INTO `question` VALUES ('71', '为什么我那个当程序员的男朋友，一直特别想要一个机械键盘？', '现在我们已经结婚了，当然还是在北京租房子过日子，财力比最初好了一些，感谢大家的关注，只接受大家的祝福，不接受其他，啦啦啦！ ---------------------以下是原问题----------- RT，他淘宝逛了好多遍，我看价钱好贵，就不太愿意他买。（一起生活钱什么的我管大家懂的！） 机械键盘有那么好吗？噼里啪啦不烦吗？为啥他就是特别想要个机械键盘？？？ --------------------------------------------- 嗯、大家来说服我，说不定我…', '26', '2018-09-23 00:30:12', '1');

-- ----------------------------
-- Table structure for user
-- ----------------------------
DROP TABLE IF EXISTS `user`;
CREATE TABLE `user` (
  `id` int(11) unsigned NOT NULL AUTO_INCREMENT,
  `name` varchar(64) DEFAULT NULL,
  `password` varchar(128) DEFAULT NULL,
  `salt` varchar(64) DEFAULT NULL,
  `head_url` varchar(128) DEFAULT NULL,
  `email` varchar(64) DEFAULT '',
  PRIMARY KEY (`id`),
  UNIQUE KEY `name` (`name`)
) ENGINE=InnoDB AUTO_INCREMENT=37 DEFAULT CHARSET=utf8;

-- ----------------------------
-- Records of user
-- ----------------------------
INSERT INTO `user` VALUES ('0', '匿名用户', '582BF1BF3C82E368FF13859E5408F446', 'b1e58', 'https://images.nowcoder.com/head/281m.png', ' ');
INSERT INTO `user` VALUES ('2', '赞', '58C0636E9811EB28CE608F4F69C4CE3A', '8165d', 'https://images.nowcoder.com/head/900m.png', ' ');
INSERT INTO `user` VALUES ('3', '关注通知', 'F41D98898A71C42F5EE71992C3E7E17F', 'bf5f4', 'https://images.nowcoder.com/head/684m.png', ' ');
INSERT INTO `user` VALUES ('20', '小兰', '1554BC2560BEEC9AA5B3A2FA4B053F06', '76096', 'https://images.nowcoder.com/head/995m.png', ' ');
INSERT INTO `user` VALUES ('21', '小明', '3BCE7F18D924ACF00DDBEE824F4B8CDC', 'd7d20', 'https://images.nowcoder.com/head/621m.png', ' ');
INSERT INTO `user` VALUES ('22', '小丽', 'BF302E979061DEFABAC27818F3845506', '2d18a', 'https://images.nowcoder.com/head/479m.png', ' ');
INSERT INTO `user` VALUES ('23', '小军', 'BF302E979061DEFABAC27818F3845506', '2d18a', 'https://images.nowcoder.com/head/636m.png', ' ');
INSERT INTO `user` VALUES ('24', '伍文君', 'B677512E2EB222BA1A51D53FD974AE42', '2338a', 'https://images.nowcoder.com/head/479m.png', '1434043324@qq.com');
INSERT INTO `user` VALUES ('25', '好运来', '9721A0FC721140C3251BCE8DD8CF3761', '98f3b', 'https://images.nowcoder.com/head/785m.png', 'guom_zh55@qq.com');
INSERT INTO `user` VALUES ('26', '张国铭', '6D79CF2A02E4A1073F1038ABC2152F61', 'f26b8', 'https://images.nowcoder.com/head/692m.png', 'guom_zh@qq.com');
